match,date,time,venue,over,ball,bowler,batsman,ball_event,event_info,extract_time
29_PKvsLSG,May 04,13:29:25,Maharaja Yadavindra Singh International Cricket Stadium,0,1,Mohammed Shami,Priyansh Arya,wide,starts off with a wide ball down the leg-side; Arya misses out on his glance,2026-05-04 13:44:11.306611
29_PKvsLSG,May 04,13:29:25,Maharaja Yadavindra Singh International Cricket Stadium,0,1,Mohammed Shami,Priyansh Arya,no run,tad fuller around off; driven towards cover by Priyansh,2026-05-04 13:44:11.310217
29_PKvsLSG,May 04,13:29:25,Maharaja Yadavindra Singh International Cricket Stadium,0,2,Mohammed Shami,Priyansh Arya,wide,short and wide outside off; yet another wide ball as it was out of the batter's reach,2026-05-04 13:44:11.310449
29_PKvsLSG,May 04,13:29:25,Maharaja Yadavindra Singh International Cricket Stadium,0,2,Mohammed Shami,Priyansh Arya,1 run,he's off the mark with a single at mid-on. Nudges it with soft hands and scampers across to the other end,2026-05-04 13:44:11.310673
29_PKvsLSG,May 04,13:29:25,Maharaja Yadavindra Singh International Cricket Stadium,0,3,Mohammed Shami,Prabhsimran Singh,out Caught by Mitchell Marsh!! Mo Shami! The classical new ball Mohammed Shami dismissal. Full and teasing the batter on the drive with a wobble seam ball. The trap is right there in that wobble. You never know which way it is going to move but the length will lure you to play the big drive. It's a decision of do I stay calm and leave it,or do I go with a positive mindset and look for a boundary. Quite often the batters choose the latter and fall in the trap. The trap of a master new ball bowler. Prabhsimran tried to drive through cover; thick outside edge went straight to Marsh; who is slightly wide at slip. Prabhsimran Singh c Mitchell Marsh b Mohammed Shami 0(1),2026-05-04 13:44:11.310918
29_PKvsLSG,May 04,13:29:25,Maharaja Yadavindra Singh International Cricket Stadium,0,4,Mohammed Shami,Cooper Connolly,no run,good length delivery outside off stump; Connolly lets it pass,2026-05-04 13:44:11.311131
29_PKvsLSG,May 04,13:29:25,Maharaja Yadavindra Singh International Cricket Stadium,0,5,Mohammed Shami,Cooper Connolly,no run,the round the wicket angle to the LHB works wonders and he's almost had Connolly caught behind here. Full and angling in; Connolly got sucked into a drive and the ball moved away to beat the bat,2026-05-04 13:44:11.311328
29_PKvsLSG,May 04,13:29:25,Maharaja Yadavindra Singh International Cricket Stadium,0,6,Mohammed Shami,Cooper Connolly,FOUR,strays on the pads and gives the release ball. Connolly accepts the offer and flicks it brilliantly through mid-wicket to open his account. Shami not happy with that last ball,2026-05-04 13:44:11.311525
29_PKvsLSG,May 04,13:29:25,Maharaja Yadavindra Singh International Cricket Stadium,1,1,Mohsin Khan,Priyansh Arya,SIX,dismissed! Not too short; but he went back in his crease to make this short of length delivery shorter; got under it and slapped the pull flat and well in front of square over mid-wicket,2026-05-04 13:44:11.311741
29_PKvsLSG,May 04,13:29:25,Maharaja Yadavindra Singh International Cricket Stadium,1,2,Mohsin Khan,Priyansh Arya,1 run,knocked away to square leg,2026-05-04 13:44:11.311931
29_PKvsLSG,May 04,13:29:25,Maharaja Yadavindra Singh International Cricket Stadium,1,3,Mohsin Khan,Cooper Connolly,no run,short of length delivery moving away outside off stump; Connolly looks to cut and misses,2026-05-04 13:44:11.312118
29_PKvsLSG,May 04,13:29:25,Maharaja Yadavindra Singh International Cricket Stadium,1,4,Mohsin Khan,Cooper Connolly,no run,shout for LBW but may be just missing leg. Pant thinks hard; was almost about to review with a couple of seconds left and then gestured no that's going down I feel. Fullish and angling in; Connolly misses the flick; ball hit the pad in line with the stumps but the angle from over the wicket was taking it down. No no! Hang on; ball-tracker says three reds. LSG have missed the trick. Mohsin was confident but didn't get support,2026-05-04 13:44:11.312320
29_PKvsLSG,May 04,13:29:25,Maharaja Yadavindra Singh International Cricket Stadium,1,5,Mohsin Khan,Cooper Connolly,no run,short of length delivery; Connolly defends,2026-05-04 13:44:11.312509
29_PKvsLSG,May 04,13:29:25,Maharaja Yadavindra Singh International Cricket Stadium,1,6,Mohsin Khan,Cooper Connolly,1 run,dropped but a tough chance! Fullish delivery; Connolly looks to drive; mistimes it uppish to the right of the bowler who reacted a bit late in his followthrough. Ball rolls to mid-off after the deflection,2026-05-04 13:44:11.313492
29_PKvsLSG,May 04,13:29:25,Maharaja Yadavindra Singh International Cricket Stadium,2,1,Mohammed Shami,Cooper Connolly,FOUR,in the airrr; clears mid-off and it escapes for four. Length delivery angling in; Connolly swung hard; didn't connect well and got away with it,2026-05-04 13:44:11.313955
29_PKvsLSG,May 04,13:29:25,Maharaja Yadavindra Singh International Cricket Stadium,2,2,Mohammed Shami,Cooper Connolly,no run,Mohammed Shami goes over the wicket and angles this away from the LHB; Connolly looks to slash and misses,2026-05-04 13:44:11.314285
29_PKvsLSG,May 04,13:29:25,Maharaja Yadavindra Singh International Cricket Stadium,2,3,Mohammed Shami,Cooper Connolly,1 run,short of length delivery outside off stump; Connolly drives and it's cut off with the dive at cover,2026-05-04 13:44:11.314558
29_PKvsLSG,May 04,13:29:25,Maharaja Yadavindra Singh International Cricket Stadium,2,4,Mohammed Shami,Priyansh Arya,FOUR,lofted with an angled bat and it goes over backward point. Good length delivery moving away outside off stump; Priyansh stays leg-side and goes with his hands to slice it over the infield,2026-05-04 13:44:11.315012
29_PKvsLSG,May 04,13:29:25,Maharaja Yadavindra Singh International Cricket Stadium,2,5,Mohammed Shami,Priyansh Arya,1 run,short of length delivery; Priyansh taps it square of the wicket on the off-side,2026-05-04 13:44:11.315254
29_PKvsLSG,May 04,13:29:25,Maharaja Yadavindra Singh International Cricket Stadium,2,6,Mohammed Shami,Cooper Connolly,leg byes,1 run; short of length delivery down the leg-side; Connolly misses the glance; ball goes behind square off the thigh pad,2026-05-04 13:44:11.315377
29_PKvsLSG,May 04,13:29:25,Maharaja Yadavindra Singh International Cricket Stadium,3,1,Mohsin Khan,Cooper Connolly,no run,oh went for a mighty heave and got an inside edge onto pad; ball hits the pad and lobs to the off-side. Tried to smack this length ball over mid-wicket; but the ball moved back in to trouble him,2026-05-04 13:44:11.315492
29_PKvsLSG,May 04,13:29:25,Maharaja Yadavindra Singh International Cricket Stadium,3,2,Mohsin Khan,Cooper Connolly,FOUR,first slip would have swallowed that! Full and angling in; wobble seam and it skids on this time. Connolly was late on the slash; thick edge flies to the left of Pant for four,2026-05-04 13:44:11.315606
29_PKvsLSG,May 04,13:29:25,Maharaja Yadavindra Singh International Cricket Stadium,3,3,Mohsin Khan,Cooper Connolly,no run,in the airrr and he escapes a mishit. Smart short delivery that Connolly wasn't expecting. He wasn't ready on the pull; luckily the timing was so poor that it fell well in front of Mitch Marsh at mid-wicket,2026-05-04 13:44:11.315737
29_PKvsLSG,May 04,13:29:25,Maharaja Yadavindra Singh International Cricket Stadium,3,4,Mohsin Khan,Cooper Connolly,1 run,this time wristed to mid-on,2026-05-04 13:44:11.315846
29_PKvsLSG,May 04,13:29:25,Maharaja Yadavindra Singh International Cricket Stadium,3,5,Mohsin Khan,Priyansh Arya,2 runs,they are chancing their arms and so many are landing in the safe zone! Shortish delivery; Priyansh mistimes the pull; clears mid-wicket,2026-05-04 13:44:11.315962
29_PKvsLSG,May 04,13:29:25,Maharaja Yadavindra Singh International Cricket Stadium,3,6,Mohsin Khan,Priyansh Arya,SIX,he's wristy square of the wicket on both sides. Not a really short ball; it's actually short of length and on the stumps; Priyansh went back; got under it and wristed the pull over square leg for a timely maximum,2026-05-04 13:44:11.316079
29_PKvsLSG,May 04,13:29:25,Maharaja Yadavindra Singh International Cricket Stadium,4,1,Prince Yadav,Cooper Connolly,no run,beaten! Short of a length delivery angling away; Connolly looks to cut and misses,2026-05-04 13:44:11.316195
29_PKvsLSG,May 04,13:29:25,Maharaja Yadavindra Singh International Cricket Stadium,4,2,Prince Yadav,Cooper Connolly,no run,short of length delivery doesn't rise much and Connolly slices the cut; finds the man at cover-point,2026-05-04 13:44:11.316303
29_PKvsLSG,May 04,13:29:25,Maharaja Yadavindra Singh International Cricket Stadium,4,3,Prince Yadav,Cooper Connolly,no run,the wide yorker outside off stump; Connolly looks to squeeze it out but makes no contact,2026-05-04 13:44:11.316409
29_PKvsLSG,May 04,13:29:25,Maharaja Yadavindra Singh International Cricket Stadium,4,4,Prince Yadav,Cooper Connolly,no run,short delivery outside off stump; Connolly looks to pull and misses,2026-05-04 13:44:11.316516
29_PKvsLSG,May 04,13:29:25,Maharaja Yadavindra Singh International Cricket Stadium,4,5,Prince Yadav,Cooper Connolly,no run,full and outside off stump; Connolly wants to break-free but mistimes the drive to mid-on,2026-05-04 13:44:11.316622
29_PKvsLSG,May 04,13:29:25,Maharaja Yadavindra Singh International Cricket Stadium,4,6,Prince Yadav,Cooper Connolly,FOUR,five dots and he's tried a needless slower ball that's released the pressure. Short and into the wicket; oh that's what I wanted says Connolly and belts the pull between mid-wicket and mid-on. Spoils a great over; still is a very good over though,2026-05-04 13:44:11.316750
29_PKvsLSG,May 04,13:29:25,Maharaja Yadavindra Singh International Cricket Stadium,5,1,Mohsin Khan,Priyansh Arya,1 run,short of length delivery just outside off stump; Priyansh wrists it to mid-wicket,2026-05-04 13:44:11.316854
29_PKvsLSG,May 04,13:29:25,Maharaja Yadavindra Singh International Cricket Stadium,5,2,Mohsin Khan,Cooper Connolly,leg byes,1 run; thuds the pad with a full delivery angling into the LHB; Connolly late on the flick; hits the pad but it's easily missing leg stump this time,2026-05-04 13:44:11.316956
29_PKvsLSG,May 04,13:29:25,Maharaja Yadavindra Singh International Cricket Stadium,5,3,Mohsin Khan,Priyansh Arya,FOUR,oh dragged off the inside edge and it rolls through backward square leg. Short of a length delivery on the stumps; was the slower delivery; so Priyansh used his wrists to place it behind square and got the boundary,2026-05-04 13:44:11.317061
29_PKvsLSG,May 04,13:29:25,Maharaja Yadavindra Singh International Cricket Stadium,5,4,Mohsin Khan,Priyansh Arya,SIX,the top edge now over fine leg for six. Short delivery around the off stump; Priyansh goes for the pull; sends it over long leg and easily clears the field despite a fielder being there,2026-05-04 13:44:11.317167
29_PKvsLSG,May 04,13:29:25,Maharaja Yadavindra Singh International Cricket Stadium,5,5,Mohsin Khan,Priyansh Arya,2 runs,just the umpteenth time that's a mistimed high ball had landed safe in Mullanpur. Shortish delivery; Priyansh goes for the pull; mistimes and sends it high over mid-on. Ball lands inside the rope and it's stopped on the fence,2026-05-04 13:44:11.317272
29_PKvsLSG,May 04,13:29:25,Maharaja Yadavindra Singh International Cricket Stadium,5,6,Mohsin Khan,Priyansh Arya,SIX,they are feeding him in that backward square leg region. Another short of length delivery that he could camp back and smack the pull easily over the ropes and he's single-handedly ensured PBKS are off to another good start and also forced an early timeout for LSG,2026-05-04 13:44:11.317381
29_PKvsLSG,May 04,13:29:25,Maharaja Yadavindra Singh International Cricket Stadium,6,1,Ayush Badoni,Cooper Connolly,FOUR,flatter delivery on the stumps; Connolly stays leg-side and slaps a hard drive wide of mid-off,2026-05-04 13:44:11.317489
29_PKvsLSG,May 04,13:29:25,Maharaja Yadavindra Singh International Cricket Stadium,6,2,Ayush Badoni,Cooper Connolly,SIX,now it's slot and Connolly belts it down the ground over long-on. The offie to two LHBs was the idea but the length has been right in the arc for Connolly to tee off and he's bettered his strike-rate,2026-05-04 13:44:11.317594
29_PKvsLSG,May 04,13:29:25,Maharaja Yadavindra Singh International Cricket Stadium,6,3,Ayush Badoni,Cooper Connolly,1 run,flatter delivery outside off stump; Connolly cuts and sends to deep point,2026-05-04 13:44:11.317733
29_PKvsLSG,May 04,13:29:25,Maharaja Yadavindra Singh International Cricket Stadium,6,4,Ayush Badoni,Priyansh Arya,1 run,another cut to deep point,2026-05-04 13:44:11.317836
29_PKvsLSG,May 04,13:29:25,Maharaja Yadavindra Singh International Cricket Stadium,6,5,Ayush Badoni,Cooper Connolly,1 run,flatter delivery on the stumps; Connolly punches it along the ground to long-off,2026-05-04 13:44:11.317937
29_PKvsLSG,May 04,13:29:25,Maharaja Yadavindra Singh International Cricket Stadium,6,6,Ayush Badoni,Priyansh Arya,1 run,full delivery on the leg stump; Priyansh works it to long-on,2026-05-04 13:44:11.318102
29_PKvsLSG,May 04,13:29:25,Maharaja Yadavindra Singh International Cricket Stadium,7,1,Avesh Khan,Priyansh Arya,1 run,full delivery outside off stump; Priyansh drives and sends it to the right of mid-off,2026-05-04 13:44:11.318221
29_PKvsLSG,May 04,13:29:25,Maharaja Yadavindra Singh International Cricket Stadium,7,2,Avesh Khan,Cooper Connolly,no run,tries to glance fine but the ball lobs on the bounce to Shami off the thigh pad,2026-05-04 13:44:11.318321
29_PKvsLSG,May 04,13:29:25,Maharaja Yadavindra Singh International Cricket Stadium,7,3,Avesh Khan,Cooper Connolly,SIX,please hit me out of the ground ball from Avesh! Connolly enjoyed that so much that he lofted the drive and held the pose for the cameras. Full and in the slot outside off stump; one of the neatest cricket shots; yet went so high and long,2026-05-04 13:44:11.318428
29_PKvsLSG,May 04,13:29:25,Maharaja Yadavindra Singh International Cricket Stadium,7,4,Avesh Khan,Cooper Connolly,1 run,goes round the wicket and bowls short of length delivery; Connolly drives to long-off,2026-05-04 13:44:11.318534
29_PKvsLSG,May 04,13:29:25,Maharaja Yadavindra Singh International Cricket Stadium,7,5,Avesh Khan,Priyansh Arya,FOUR,he tried the wide yorker but bowled this right in the arc; Priyansh got right under the ball and smacked it over cover,2026-05-04 13:44:11.318660
29_PKvsLSG,May 04,13:29:25,Maharaja Yadavindra Singh International Cricket Stadium,7,6,Avesh Khan,Priyansh Arya,2 runs,pace and into the wicket around off stump; dabbed past backward point and they pinch two,2026-05-04 13:44:11.318776
29_PKvsLSG,May 04,13:29:25,Maharaja Yadavindra Singh International Cricket Stadium,8,1,Manimaran Siddharth,Cooper Connolly,1 run,wristy back foot guide to this slider; ball rolls to short third man,2026-05-04 13:44:11.318879
29_PKvsLSG,May 04,13:29:25,Maharaja Yadavindra Singh International Cricket Stadium,8,2,Manimaran Siddharth,Priyansh Arya,2 runs,flatter delivery on the stumps; Priyansh flicks to deep mid-wicket and that's his second fifty of the season and fourth of his IPL career. Gets a great applause from the crowd and a handshake from his batting partner,2026-05-04 13:44:11.318984
29_PKvsLSG,May 04,13:29:25,Maharaja Yadavindra Singh International Cricket Stadium,8,3,Manimaran Siddharth,Priyansh Arya,FOUR,smart! Slider on the stumps; Priyansh moves inside the line and scoops it fine past Pant and short fine leg was not even in the frame,2026-05-04 13:44:11.319086
29_PKvsLSG,May 04,13:29:25,Maharaja Yadavindra Singh International Cricket Stadium,8,4,Manimaran Siddharth,Priyansh Arya,1 run,great full ball; almost a yorker; Priyansh gets a leading edge that rolls to the off-side,2026-05-04 13:44:11.319191
29_PKvsLSG,May 04,13:29:25,Maharaja Yadavindra Singh International Cricket Stadium,8,5,Manimaran Siddharth,Cooper Connolly,1 run,fires the yorker; dug out to extra-cover,2026-05-04 13:44:11.319292
29_PKvsLSG,May 04,13:29:25,Maharaja Yadavindra Singh International Cricket Stadium,8,6,Manimaran Siddharth,Priyansh Arya,1 run,full delivery; Priyansh drills it to long-off. Decent over despite the boundary. Didn't give any freebies despite being a left-arm spinner to LHBs,2026-05-04 13:44:11.319588
29_PKvsLSG,May 04,13:29:25,Maharaja Yadavindra Singh International Cricket Stadium,9,1,Prince Yadav,Priyansh Arya,no run,full delivery outside off stump; Priyansh looks to drive; inside edge rolls to mid-wicket,2026-05-04 13:44:11.319730
29_PKvsLSG,May 04,13:29:25,Maharaja Yadavindra Singh International Cricket Stadium,9,2,Prince Yadav,Priyansh Arya,no run,great off-side yorker; Priyansh tries to squeeze it out and misses,2026-05-04 13:44:11.319836
29_PKvsLSG,May 04,13:29:25,Maharaja Yadavindra Singh International Cricket Stadium,9,3,Prince Yadav,Priyansh Arya,SIX,slashed and it goes all the way over backward point. Short of a length delivery angling away; Priyansh plays with an angled bat and it easily clears the boundary,2026-05-04 13:44:11.319942
29_PKvsLSG,May 04,13:29:25,Maharaja Yadavindra Singh International Cricket Stadium,9,4,Prince Yadav,Priyansh Arya,1 run,oh that's cruel to call that a dropped catch but it is one. Slower delivery; Priyansh waits and smacks it to the left of the bowler who wasn't ready in his followthrough. Hurried reaction from Prince Yadav to grab the ball; more of a protective reaction and it's smashed into his right thumb flush. He flings the hand in pain and then realizes that the batters are running a single so he runs to gather the ball again,2026-05-04 13:44:11.320048
29_PKvsLSG,May 04,13:29:25,Maharaja Yadavindra Singh International Cricket Stadium,9,5,Prince Yadav,Cooper Connolly,1 run,very full delivery on the leg stump; Connolly flicks to deep square leg,2026-05-04 13:44:11.320150
29_PKvsLSG,May 04,13:29:25,Maharaja Yadavindra Singh International Cricket Stadium,9,6,Prince Yadav,Priyansh Arya,1 run,low full toss; squeezed to backward point. Great diving save to the left by Siddharth and he has a quick shy at the stumps off balance but it's off target and Cooper Connolly may have sneaked home anyway,2026-05-04 13:44:11.320249
29_PKvsLSG,May 04,13:29:25,Maharaja Yadavindra Singh International Cricket Stadium,10,1,Mohammed Shami,Priyansh Arya,1 run,very full delivery on the stumps; Priyansh flicks to mid-wicket,2026-05-04 13:44:11.320351
29_PKvsLSG,May 04,13:29:25,Maharaja Yadavindra Singh International Cricket Stadium,10,2,Mohammed Shami,Cooper Connolly,SIX,nicely swung away over mid-wicket. Slower delivery on the stumps; gave it away early in the grip so Connolly was able to delay the slog and he got the timing absolutely right. Shami looks up and looks to deep mid-wicket in hope but it's cleared the fielder,2026-05-04 13:44:11.320455
29_PKvsLSG,May 04,13:29:25,Maharaja Yadavindra Singh International Cricket Stadium,10,3,Mohammed Shami,Cooper Connolly,1 run,very full delivery outside off stump; Connolly drives to deep point,2026-05-04 13:44:11.320556
29_PKvsLSG,May 04,13:29:25,Maharaja Yadavindra Singh International Cricket Stadium,10,4,Mohammed Shami,Priyansh Arya,1 run,yorker on the stumps; Priyansh drills it to long-off,2026-05-04 13:44:11.320679
29_PKvsLSG,May 04,13:29:25,Maharaja Yadavindra Singh International Cricket Stadium,10,5,Mohammed Shami,Cooper Connolly,SIX,the second slower ball of the over picked up again and this time smacked behind the sightscreen. Full and in the slot; Connolly gets under it and helps himself to a fifty. Gentle raise of the bat to the crowd and the dugout. He was 19 off 22 and in the next 13 balls he has scored 35 runs,2026-05-04 13:44:11.320796
29_PKvsLSG,May 04,13:29:25,Maharaja Yadavindra Singh International Cricket Stadium,10,6,Mohammed Shami,Cooper Connolly,FOUR,great shot! Wide yorker outside off stump; Connolly squeezes it out so perfectly to split backward point and short third man,2026-05-04 13:44:11.320903
29_PKvsLSG,May 04,13:29:25,Maharaja Yadavindra Singh International Cricket Stadium,11,1,Avesh Khan,Priyansh Arya,SIX,they are smacking slowers balls; yorkers; short balls and what will this poor full toss be able to do! Priyansh smacks it down the ground towards the sightscreen and Avesh drops his head immediately after delivering that full toss. Knows he's bowled a really poor ball,2026-05-04 13:44:11.321011
29_PKvsLSG,May 04,13:29:25,Maharaja Yadavindra Singh International Cricket Stadium,11,2,Avesh Khan,Priyansh Arya,SIX,this is sensational. Tell him he can access anything square of the wicket he will bat without sleep. He's so strong because of the way he uses those wrists to slice the ball. Avesh tried the wide yorker with deep backward point and third man in place; but it was a low full toss. Priyansh didn't hit that hard; just put bat on ball and it sailed over the ropes,2026-05-04 13:44:11.321119
29_PKvsLSG,May 04,13:29:25,Maharaja Yadavindra Singh International Cricket Stadium,11,3,Avesh Khan,Priyansh Arya,1 run,dug out to third man,2026-05-04 13:44:11.321223
29_PKvsLSG,May 04,13:29:25,Maharaja Yadavindra Singh International Cricket Stadium,11,4,Avesh Khan,Cooper Connolly,FOUR,oh he moves across a long way but manages to scoop this third full toss of the over short fine leg for almost a six. Had it been into the wicket may have been difficult. But credit to Connolly for moving and putting Avesh off on the yorker Naman Tiwari,2026-05-04 13:44:11.321326
29_PKvsLSG,May 04,13:29:25,Maharaja Yadavindra Singh International Cricket Stadium,11,5,Avesh Khan,Cooper Connolly,1 run,wide yorker outside off stump; Connolly squeezes it to third man,2026-05-04 13:44:11.321426
29_PKvsLSG,May 04,13:29:25,Maharaja Yadavindra Singh International Cricket Stadium,11,6,Avesh Khan,Priyansh Arya,no run,Avesh has managed to bowl a dot ball in this carnage. Slower delivery outside off stump; Priyansh looks to swing and misses as he was early into the shot. Avesh wipes his face with a towel as he walks back to his mark,2026-05-04 13:44:11.321531
29_PKvsLSG,May 04,13:29:25,Maharaja Yadavindra Singh International Cricket Stadium,12,1,Aiden Markram,Cooper Connolly,SIX,these two are on a mission - to ensure the ball is left with no leather on it. Flatter delivery just outside off stump; Connolly lofts over cover and it stays a proper hit,2026-05-04 13:44:11.321660
29_PKvsLSG,May 04,13:29:25,Maharaja Yadavindra Singh International Cricket Stadium,12,2,Aiden Markram,Cooper Connolly,SIX,tried to bowl this into the wicket and he's actually rushed the batter a bit but Connolly has still managed to pull and send it over long-on despite this being a mishit. The batter backed away; the bowler followed but he couldn't stop him,2026-05-04 13:44:11.321796
29_PKvsLSG,May 04,13:29:25,Maharaja Yadavindra Singh International Cricket Stadium,12,3,Aiden Markram,Cooper Connolly,SIX,now into the sightscreen. Aiden Markram tried to find the blockhole; instead offers slot as he just misses and the ball was belted so hard that he swirled away and just missed the sightscreen,2026-05-04 13:44:11.321913
29_PKvsLSG,May 04,13:29:25,Maharaja Yadavindra Singh International Cricket Stadium,12,4,Aiden Markram,Cooper Connolly,wide,tries the wide line but bowls too wide,2026-05-04 13:44:11.322126
29_PKvsLSG,May 04,13:29:25,Maharaja Yadavindra Singh International Cricket Stadium,12,4,Aiden Markram,Cooper Connolly,1 run,over the wicket to spin it across the LHB; Connolly mistimes the slog to deep backward square leg,2026-05-04 13:44:11.322329
29_PKvsLSG,May 04,13:29:25,Maharaja Yadavindra Singh International Cricket Stadium,12,5,Aiden Markram,Priyansh Arya,SIX,doesn't matter which angle you bowl from if it's going to be in the slot and on the pads. Deep mid-wicket jumps and looks to push the ball back but it's cleared him. Front leg out of the way and baaanggg; over the ropes for the fourth six of the over,2026-05-04 13:44:11.322756
29_PKvsLSG,May 04,13:29:25,Maharaja Yadavindra Singh International Cricket Stadium,12,6,Aiden Markram,Priyansh Arya,SIX,another yorker attempted; another slot ball dished out and another easy hit for the batter to get under the ball and target the sightsceen. 32 off the over and Shreyas stands and taps the glove onto his bat to applaud this monster assault.,2026-05-04 13:44:11.324031
29_PKvsLSG,May 04,13:29:25,Maharaja Yadavindra Singh International Cricket Stadium,13,1,Prince Yadav,Cooper Connolly,no run,full and quick on leg; Cooper Connolly swings across the line; gets an inside edge that deflects off the pads and rolls back to the bowler,2026-05-04 13:44:11.324895
29_PKvsLSG,May 04,13:29:25,Maharaja Yadavindra Singh International Cricket Stadium,13,2,Prince Yadav,Cooper Connolly,FOUR,smash; smash; smash! They're smashing the bowlers like Hulk smashed Loki in Avengers. Full and wide outside off; Cooper Connolly throws his hands at it and smashes it over deep extra cover. This almost goes the distance for a flat six. Landed just in front of the cushions,2026-05-04 13:44:11.326477
29_PKvsLSG,May 04,13:29:25,Maharaja Yadavindra Singh International Cricket Stadium,13,3,Prince Yadav,Cooper Connolly,1 run,here's a slower delivery by Prince Yadav outside off; Cooper Connolly slices this over the infield at cover-point for one,2026-05-04 13:44:11.327360
29_PKvsLSG,May 04,13:29:25,Maharaja Yadavindra Singh International Cricket Stadium,13,4,Prince Yadav,Priyansh Arya,1 run,here's a full toss around off; Priyansh Arya opens the bat face; slicing this away through the off-side,2026-05-04 13:44:11.327669
29_PKvsLSG,May 04,13:29:25,Maharaja Yadavindra Singh International Cricket Stadium,13,5,Prince Yadav,Cooper Connolly,out Caught by Manimaran Siddharth!! Unlucky no. 87. It's an Australian batters who falls for 87. That's the 10th wicket of IPL 2026 for Prince Yadav. He goes short and quick around off,Cooper Connolly swings across the line and loses his shape in the process. A thick top edge it induced as the ball flies towards backward point. Siddharth stationed there calls for it; settles under it and takes a safe catch to end a rollicking knock by Cooper Connolly. He walks back to a standing ovation from the spectators and his teammates in the dugout. That was a sensational knock by the southpaw. Has put Punjab Kings in the driver's seat. Cooper Connolly c Manimaran Siddharth b Prince Yadav 87(46) [4s-8 6s-7],2026-05-04 13:44:11.327835
29_PKvsLSG,May 04,13:29:25,Maharaja Yadavindra Singh International Cricket Stadium,13,6,Prince Yadav,Shreyas Iyer,1 run,ends the over with a low full toss as Shreyas Iyer chips it past the bowler for a single,2026-05-04 13:44:11.327960
29_PKvsLSG,May 04,13:29:25,Maharaja Yadavindra Singh International Cricket Stadium,14,1,Manimaran Siddharth,Shreyas Iyer,1 run,full and straight on middle and leg; driven towards long-on for a single,2026-05-04 13:44:11.328077
29_PKvsLSG,May 04,13:29:25,Maharaja Yadavindra Singh International Cricket Stadium,14,2,Manimaran Siddharth,Priyansh Arya,out Caught by Mitchell Marsh!! That's a well-judged catch by Mitchell Marsh at long-off. This was smashed hard and it was travelling. Was a full length delivery around off and Priyansh slapped it hard towards long-off. Marsh stationed near the boundary takes a reverse cupped catch and he manages to keep his shoe away from the boundary cushions as well. That's a clean catch and another set batter is gone. Misses out a well deserved ton. But gets a standing ovation from the Punjab contingent. Their team owner - Preity Zinta looks a touch disappointed in the stands. Priyansh Arya c Mitchell Marsh b Manimaran Siddharth 93(37) [4s-4 6s-9],out Caught by Mitchell Marsh!! That's a well-judged catch by Mitchell Marsh at long-off. This was smashed hard and it was travelling. Was a full length delivery around off and Priyansh slapped it hard towards long-off. Marsh stationed near the boundary takes a reverse cupped catch and he manages to keep his shoe away from the boundary cushions as well. That's a clean catch and another set batter is gone. Misses out a well deserved ton. But gets a standing ovation from the Punjab contingent. Their team owner - Preity Zinta looks a touch disappointed in the stands. Priyansh Arya c Mitchell Marsh b Manimaran Siddharth 93(37) [4s-4 6s-9],2026-05-04 13:44:11.328200
29_PKvsLSG,May 04,13:29:25,Maharaja Yadavindra Singh International Cricket Stadium,14,3,Manimaran Siddharth,Marcus Stoinis,2 runs,laps this towards fine leg for a couple of runs,2026-05-04 13:44:11.328323
29_PKvsLSG,May 04,13:29:25,Maharaja Yadavindra Singh International Cricket Stadium,14,4,Manimaran Siddharth,Marcus Stoinis,1 run,tad short outside off; Marcus Stoinis slices it through the off-side for a single,2026-05-04 13:44:11.328440
29_PKvsLSG,May 04,13:29:25,Maharaja Yadavindra Singh International Cricket Stadium,14,5,Manimaran Siddharth,Shreyas Iyer,2 runs,full and straight on off; driven along the carpet towards long-off,2026-05-04 13:44:11.328552
29_PKvsLSG,May 04,13:29:25,Maharaja Yadavindra Singh International Cricket Stadium,14,6,Manimaran Siddharth,Shreyas Iyer,1 run,yorker length delivery around off; Shreyas Iyer squeezes it towards backward point for a single,2026-05-04 13:44:11.328684
29_PKvsLSG,May 04,13:29:25,Maharaja Yadavindra Singh International Cricket Stadium,15,1,Mohsin Khan,Shreyas Iyer,no run,good change in pace; a slower one outside off; Shreyas Iyer looks to loft it towards the off-side; misses,2026-05-04 13:44:11.328854
29_PKvsLSG,May 04,13:29:25,Maharaja Yadavindra Singh International Cricket Stadium,15,2,Mohsin Khan,Shreyas Iyer,out Caught by Mohammed Shami!! Another one bites the dust and it's a rare failure for Iyer this season. This was tad slow outside off,Shreyas Iyer looks to take him on; goes for the lofted drive; but ends up getting an outside edge. The ball flies towards the fielder at short third man and Shami stationed there holds onto it. Lucknow Super Giants pulling things back and trying to control the damage with this wickets. Shreyas Iyer c Mohammed Shami b Mohsin Khan 5(6),2026-05-04 13:44:11.328975
29_PKvsLSG,May 04,13:29:25,Maharaja Yadavindra Singh International Cricket Stadium,15,3,Mohsin Khan,Nehal Wadhera,1 run,tad fuller outside off; pushed into the off-side by Nehal Wadhera,2026-05-04 13:44:11.329086
29_PKvsLSG,May 04,13:29:25,Maharaja Yadavindra Singh International Cricket Stadium,15,4,Mohsin Khan,Marcus Stoinis,1 run,slower one around off; Marcus Stoinis opens the bat face; steering it towards the off-side,2026-05-04 13:44:11.329346
29_PKvsLSG,May 04,13:29:25,Maharaja Yadavindra Singh International Cricket Stadium,15,5,Mohsin Khan,Nehal Wadhera,no run,yet another slower one by Mohsin Khan; Nehal Wadhera plays it with soft hands; knocking it down the pitch,2026-05-04 13:44:11.329608
29_PKvsLSG,May 04,13:29:25,Maharaja Yadavindra Singh International Cricket Stadium,15,6,Mohsin Khan,Nehal Wadhera,1 run,Nehal Wadhera opens the bat face; steering this through point for a single. A wicket and only 3 runs - Mohsin Khan ends his spell with a fantastic over,2026-05-04 13:44:11.329758
29_PKvsLSG,May 04,13:29:25,Maharaja Yadavindra Singh International Cricket Stadium,16,1,Manimaran Siddharth,Nehal Wadhera,1 run,full and quick on leg; Nehal Wadhera looks to flick it away; gets an inside edge that deflects off the pads towards the on-side. They take a single; and Pant fires a throw at the bowler's end with Nehal Wadhera in his way. He gets hit on the heel; that was a powerful throw by the keeper,2026-05-04 13:44:11.329868
29_PKvsLSG,May 04,13:29:25,Maharaja Yadavindra Singh International Cricket Stadium,16,2,Manimaran Siddharth,Marcus Stoinis,1 run,juicy full toss around off; slapped on the bounce towards long-off,2026-05-04 13:44:11.329974
29_PKvsLSG,May 04,13:29:25,Maharaja Yadavindra Singh International Cricket Stadium,16,3,Manimaran Siddharth,Nehal Wadhera,FOUR,200 up for PBKS! A juicy full toss at the stumps; Nehal Wadhera walks across in the crease and laps it towards the fine leg boundary. Pant has a word with the bowler for an lbw review; but this was clearly off the bat,2026-05-04 13:44:11.330180
29_PKvsLSG,May 04,13:29:25,Maharaja Yadavindra Singh International Cricket Stadium,16,4,Manimaran Siddharth,Nehal Wadhera,SIX,even better. Yet another full toss and Nehal Wadhera scoops it over the fine leg fence by shuffling across in the crease. Not great bowling by Manimaran Siddharth who is offering freebies,2026-05-04 13:44:11.330346
29_PKvsLSG,May 04,13:29:25,Maharaja Yadavindra Singh International Cricket Stadium,16,5,Manimaran Siddharth,Nehal Wadhera,out Caught by Nicholas Pooran!! Manimaran Siddharth has the last laugh. The procession of wickets continues. This was fraction short and slow,Nehal Wadhera eyes the deep mid-wicket fence. He goes for the slog; but doesn't get the timing right. Pooran from the boundary charges in; keeps his eyes on the ball and completes a safe catch. Throws the ball away immediately after taking the catch does Pooran. Nehal Wadhera c Nicholas Pooran b Manimaran Siddharth 13(7) [4s-1 6s-1],2026-05-04 13:44:11.330482
29_PKvsLSG,May 04,13:29:25,Maharaja Yadavindra Singh International Cricket Stadium,16,6,Manimaran Siddharth,Shashank Singh,SIX,Shashank Singh gets going with a maximum! Tad fuller; right into the slot and Shashank Singh has launched it over the bowler's head for a six.. Couldn't have gotten off to a better start. Meanwhile; Manimaran Siddharth concedes 18 runs in the over. That was quite expensive,2026-05-04 13:44:11.330592
29_PKvsLSG,May 04,13:29:25,Maharaja Yadavindra Singh International Cricket Stadium,17,1,Avesh Khan,Marcus Stoinis,FOUR,edged away! Avesh Khan goes short outside off; Marcus Stoinis looks to loft this towards the off-side; but ends up getting an outside edge due to the steep bounce. It flies past Pant and races away to the fence,2026-05-04 13:44:11.330758
29_PKvsLSG,May 04,13:29:25,Maharaja Yadavindra Singh International Cricket Stadium,17,2,Avesh Khan,Marcus Stoinis,SIX,look at that power! He's an absolute beast. This was on the shorter side; Marcus Stoinis rocks back in the crease and pummels it over wide long-on for a flat six,2026-05-04 13:44:11.330871
29_PKvsLSG,May 04,13:29:25,Maharaja Yadavindra Singh International Cricket Stadium,17,3,Avesh Khan,Marcus Stoinis,no run,slower bouncer by Avesh Khan outside off and Marcus Stoinis lets it through to the keeper,2026-05-04 13:44:11.330979
29_PKvsLSG,May 04,13:29:25,Maharaja Yadavindra Singh International Cricket Stadium,17,4,Avesh Khan,Marcus Stoinis,FOUR,smashed down the ground! He's taking on LSG bowlers - his former franchise. This was right into the slot; an overpitched delivery; and Marcus Stoinis bludgeons it right over the bowler's head. Almost goes the distance,2026-05-04 13:44:11.331090
29_PKvsLSG,May 04,13:29:25,Maharaja Yadavindra Singh International Cricket Stadium,17,5,Avesh Khan,Marcus Stoinis,leg byes,1 run; yorker length ball on leg; Marcus Stoinis tries to whip it away; gets hit on the pads though. Couldn't get underneath it,2026-05-04 13:44:11.331203
29_PKvsLSG,May 04,13:29:25,Maharaja Yadavindra Singh International Cricket Stadium,17,6,Avesh Khan,Shashank Singh,no run,yorker length ball outside off; Shashank Singh tries to squeeze it out; gets a bottom edge towards the keeper,2026-05-04 13:44:11.331395
29_PKvsLSG,May 04,13:29:25,Maharaja Yadavindra Singh International Cricket Stadium,18,1,Mohammed Shami,Marcus Stoinis,wide,short and wide outside off; Marcus Stoinis goes for cut; gets beaten,2026-05-04 13:44:11.331526
29_PKvsLSG,May 04,13:29:25,Maharaja Yadavindra Singh International Cricket Stadium,18,1,Mohammed Shami,Marcus Stoinis,wide,goes short and wide outside off; misses the tramline comfortably,2026-05-04 13:44:11.331700
29_PKvsLSG,May 04,13:29:25,Maharaja Yadavindra Singh International Cricket Stadium,18,1,Mohammed Shami,Marcus Stoinis,no run,he had shuffled across in the crease; hence the wide guideline was revised. This slower one was just inside that revised guideline. That's a good call from the onfield umpire,2026-05-04 13:44:11.331843
29_PKvsLSG,May 04,13:29:25,Maharaja Yadavindra Singh International Cricket Stadium,18,2,Mohammed Shami,Marcus Stoinis,no run,yet another short and wide ball outside off; inside the tramline again. Stoinis thinks of reviewing it; but the non-striker advices against it. He walks up to the square leg umpire and has a word with him,2026-05-04 13:44:11.331977
29_PKvsLSG,May 04,13:29:25,Maharaja Yadavindra Singh International Cricket Stadium,18,3,Mohammed Shami,Marcus Stoinis,SIX,finally connects one. Mohammed Shami goes short around off; Marcus Stoinis gets into a good position and absolutely belts it over long-on for a flat six once again. Brute force in that blow,2026-05-04 13:44:11.332117
29_PKvsLSG,May 04,13:29:25,Maharaja Yadavindra Singh International Cricket Stadium,18,4,Mohammed Shami,Marcus Stoinis,1 run,width on offer outside off; carved through the off-side for one,2026-05-04 13:44:11.332255
29_PKvsLSG,May 04,13:29:25,Maharaja Yadavindra Singh International Cricket Stadium,18,5,Mohammed Shami,Shashank Singh,wide,Mohammed Shami struggling with his line. The batter had walked across in the crease; but Shami bowls a short and wide ball outside off,2026-05-04 13:44:11.332394
29_PKvsLSG,May 04,13:29:25,Maharaja Yadavindra Singh International Cricket Stadium,18,5,Mohammed Shami,Shashank Singh,SIX,smoked into the stands! This was a short ball by Mohammed Shami and Shashank Singh swung it over deep mid-wicket. 16 runs already from the over,2026-05-04 13:44:11.332539
29_PKvsLSG,May 04,13:29:25,Maharaja Yadavindra Singh International Cricket Stadium,18,6,Mohammed Shami,Shashank Singh,FOUR,make that 20 runs from the over! Mohammed Shami ends his spell with a full toss. All Shashank Singh had to do is flick it away. Puts it away to the deep backward square leg fence,2026-05-04 13:44:11.332698
29_PKvsLSG,May 04,13:29:25,Maharaja Yadavindra Singh International Cricket Stadium,19,1,Prince Yadav,Marcus Stoinis,1 run,low full toss on middle and leg; Marcus Stoinis flicks it through the leg-side. 250 up for Punjab Kings!,2026-05-04 13:44:11.332843
29_PKvsLSG,May 04,13:29:25,Maharaja Yadavindra Singh International Cricket Stadium,19,2,Prince Yadav,Shashank Singh,1 run,starts off with a short ball as Shashank Singh hooks it towards deep backward square leg,2026-05-04 13:44:11.333214
29_PKvsLSG,May 04,13:29:25,Maharaja Yadavindra Singh International Cricket Stadium,19,3,Prince Yadav,Marcus Stoinis,1 run,sliced through the off-side for a single,2026-05-04 13:44:11.333458
29_PKvsLSG,May 04,13:29:25,Maharaja Yadavindra Singh International Cricket Stadium,19,4,Prince Yadav,Shashank Singh,out Caught by Aiden Markram!! That's a terrific catch by Markram at mid-on and Prince Yadav takes his wickets tally to 11 in the season. This was a short and slow ball by Prince Yadav,Shashank Singh slaps it hard towards mid-on and Markram stationed there leaps and takes a sharp catch. Timed his jump to perfection and plucked it out of thin air. A handy cameo by Shashank Singh nevertheless. Shashank Singh c Aiden Markram b Prince Yadav 17(6) [4s-1 6s-2],2026-05-04 13:44:11.333711
29_PKvsLSG,May 04,13:29:25,Maharaja Yadavindra Singh International Cricket Stadium,19,5,Prince Yadav,Marco Jansen,1 run,a full toss by Prince Yadav; was a quicker one. Marco Jansen swings early; ends up getting an inside edge onto the pads. They steal a single as the ball dribbles towards the off-side. Prince Yadav with a throw at the bowler's end; but fails to hit,2026-05-04 13:44:11.334029
29_PKvsLSG,May 04,13:29:25,Maharaja Yadavindra Singh International Cricket Stadium,19,6,Prince Yadav,Marcus Stoinis,out Marcus Stoinis Run Out!! 1 run completed. Punjab Kings post a towering total of 254. Marcus Stoinis squeezes it through mid-wicket and calls for two,but Pooran is quick to charge in and gather the ball. Fires a flat throw at the keeper's end and Stoinis is comfortably out of his crease. That was a superb throw by Pooran. Marcus Stoinis run out (Nicholas Pooran) 29(16) [4s-2 6s-2],2026-05-04 13:44:11.334191
29_PKvsLSG,May 04,13:29:25,Maharaja Yadavindra Singh International Cricket Stadium,0,1,Arshdeep Singh,Mitchell Marsh,1 run,on a length around leg; Mitchell Marsh clips it through the leg-side for a single,2026-05-04 13:44:11.334327
29_PKvsLSG,May 04,13:29:25,Maharaja Yadavindra Singh International Cricket Stadium,0,2,Arshdeep Singh,Ayush Badoni,no run,back of a length around off; shaping away from the batter; Ayush Badoni taps it towards the keeper,2026-05-04 13:44:11.334455
29_PKvsLSG,May 04,13:29:25,Maharaja Yadavindra Singh International Cricket Stadium,0,3,Arshdeep Singh,Ayush Badoni,no run,appeal for an lbw; turned down! This was an inswinging yorker around leg and Ayush Badoni got beaten. Was struck on the pads; but it was probably swinging down the leg-side. There was also an inside edge. Hence; it was a good call by Iyer to not opt for a review,2026-05-04 13:44:11.334586
29_PKvsLSG,May 04,13:29:25,Maharaja Yadavindra Singh International Cricket Stadium,0,4,Arshdeep Singh,Ayush Badoni,no run,back of a length around off; shapes back in as Ayush Badoni defends it onto the pitch,2026-05-04 13:44:11.334942
29_PKvsLSG,May 04,13:29:25,Maharaja Yadavindra Singh International Cricket Stadium,0,5,Arshdeep Singh,Ayush Badoni,1 run,back of a length around leg; Ayush Badoni flicks it over square leg for one,2026-05-04 13:44:11.335184
29_PKvsLSG,May 04,13:29:25,Maharaja Yadavindra Singh International Cricket Stadium,0,6,Arshdeep Singh,Mitchell Marsh,no run,yorker length ball at the stumps; Mitchell Marsh squeezes it towards mid-off. Superb over; only 2 runs from it,2026-05-04 13:44:11.335323
29_PKvsLSG,May 04,13:29:25,Maharaja Yadavindra Singh International Cricket Stadium,1,1,Xavier Bartlett,Ayush Badoni,wide,fired down the leg-side; Ayush Badoni goes for a flick and misses. Comfortable wide down the leg-side,2026-05-04 13:44:11.335462
29_PKvsLSG,May 04,13:29:25,Maharaja Yadavindra Singh International Cricket Stadium,1,1,Xavier Bartlett,Ayush Badoni,1 run,tad short outside off; steered towards short third man for one,2026-05-04 13:44:11.335594
29_PKvsLSG,May 04,13:29:25,Maharaja Yadavindra Singh International Cricket Stadium,1,2,Xavier Bartlett,Mitchell Marsh,no run,advances down the wicket and knocks this down the pitch. Xavier Bartlett adjusts late; dragging back the length,2026-05-04 13:44:11.335768
29_PKvsLSG,May 04,13:29:25,Maharaja Yadavindra Singh International Cricket Stadium,1,3,Xavier Bartlett,Mitchell Marsh,SIX,he smashed a six out of the Chinnaswamy in Bangalore. This was similar to that pull. Just that the ground in Mullanpur is bigger. This was a short ball on leg and Mitchell Marsh pulled it over deep backward square leg. New ball please,2026-05-04 13:44:11.335912
29_PKvsLSG,May 04,13:29:25,Maharaja Yadavindra Singh International Cricket Stadium,1,4,Xavier Bartlett,Mitchell Marsh,2 runs,curving away from the batter outside off; Mitchell Marsh chips it over the infield at cover-point for a couple of runs,2026-05-04 13:44:11.336017
29_PKvsLSG,May 04,13:29:25,Maharaja Yadavindra Singh International Cricket Stadium,1,5,Xavier Bartlett,Mitchell Marsh,no run,back of a length outside off; shaping away from the batter who shoulders arms,2026-05-04 13:44:11.336120
29_PKvsLSG,May 04,13:29:25,Maharaja Yadavindra Singh International Cricket Stadium,1,6,Xavier Bartlett,Mitchell Marsh,no run,yet another seaming away from Mitchell Marsh outside off; he lets it through to the keeper,2026-05-04 13:44:11.336224
29_PKvsLSG,May 04,13:29:25,Maharaja Yadavindra Singh International Cricket Stadium,2,1,Arshdeep Singh,Ayush Badoni,FOUR,slapped away! First boundary for Ayush Badoni. This was tad short outside off; Ayush Badoni rocks back in the crease and flat-bats this through wide mid-on. No chance of stopping that,2026-05-04 13:44:11.336447
29_PKvsLSG,May 04,13:29:25,Maharaja Yadavindra Singh International Cricket Stadium,2,2,Arshdeep Singh,Ayush Badoni,no run,that curved in like a banana. Toe-crushing yorker as Ayush Badoni manages to squeeze it out,2026-05-04 13:44:11.336631
29_PKvsLSG,May 04,13:29:25,Maharaja Yadavindra Singh International Cricket Stadium,2,3,Arshdeep Singh,Ayush Badoni,3 runs,heaved through mid-wicket as the ball tails back in. Didn't middle it; but found the gap; and that allowed him to come back for three,2026-05-04 13:44:11.336857
29_PKvsLSG,May 04,13:29:25,Maharaja Yadavindra Singh International Cricket Stadium,2,4,Arshdeep Singh,Mitchell Marsh,2 runs,Shreyas Iyer almost pulls off a spectacular catch. Mitchell Marsh had lofted it over wide mid-off; and Iyer charged back from inside the circle. Sprints hard and almost gets his hands to it,2026-05-04 13:44:11.336967
29_PKvsLSG,May 04,13:29:25,Maharaja Yadavindra Singh International Cricket Stadium,2,5,Arshdeep Singh,Mitchell Marsh,FOUR,french-cut! A toe-crushing yorker around leg; Mitchell Marsh tries to squeeze it out; but ends up getting an inside edge past the leg-stump. He's getting some good swing and movement in the inital overs,2026-05-04 13:44:11.337072
29_PKvsLSG,May 04,13:29:25,Maharaja Yadavindra Singh International Cricket Stadium,2,6,Arshdeep Singh,Mitchell Marsh,FOUR,this straight drive was all about timing. Mitchell Marsh drilled it straight past the bowler and the timing is enough to beat the fielders chasing it. Prabhsimran was the man chasing it from mid-off; while Bartlett was the fielder chasing it from mid-on. None could stop it,2026-05-04 13:44:11.337181
29_PKvsLSG,May 04,13:29:25,Maharaja Yadavindra Singh International Cricket Stadium,3,1,Xavier Bartlett,Ayush Badoni,no run,on a length around middle and leg; Ayush Badoni swings across the line; gets an inside edge towards the on-side,2026-05-04 13:44:11.337282
29_PKvsLSG,May 04,13:29:25,Maharaja Yadavindra Singh International Cricket Stadium,3,2,Xavier Bartlett,Ayush Badoni,SIX,that's one of the cleanest strikes of the night. Xavier Bartlett goes full on middle and leg; Ayush Badoni stays put and lofts it over long-on for half-a-dozen. Holds his pose; high elbows and all that jazz,2026-05-04 13:44:11.337386
29_PKvsLSG,May 04,13:29:25,Maharaja Yadavindra Singh International Cricket Stadium,3,3,Xavier Bartlett,Ayush Badoni,FOUR,more runs for Ayush Badoni. This was pitched up by the bowler outside off; Ayush Badoni slices it over backward point and manages to beat Arya's dive in the deep. He charged across and tried to stop it; but wasn't able to time his dive,2026-05-04 13:44:11.337491
29_PKvsLSG,May 04,13:29:25,Maharaja Yadavindra Singh International Cricket Stadium,3,4,Xavier Bartlett,Ayush Badoni,1 run,slower one outside off; slapped to wide mid-off by Ayush Badoni,2026-05-04 13:44:11.337593
29_PKvsLSG,May 04,13:29:25,Maharaja Yadavindra Singh International Cricket Stadium,3,5,Xavier Bartlett,Mitchell Marsh,no run,yorker length ball at the stumps; Mitchell Marsh digs it back to the bowler,2026-05-04 13:44:11.337753
29_PKvsLSG,May 04,13:29:25,Maharaja Yadavindra Singh International Cricket Stadium,3,6,Xavier Bartlett,Mitchell Marsh,FOUR,nails the straight-drive. Couldn't have played that straight drive any better. Arshdeep in the deep charges across to his left and grabs it too. However; the ball slips out of his grasp and finds the boundary cushions,2026-05-04 13:44:11.337871
29_PKvsLSG,May 04,13:29:25,Maharaja Yadavindra Singh International Cricket Stadium,4,1,Marco Jansen,Ayush Badoni,1 run,fraction short outside off; Ayush Badoni carves it through backward point,2026-05-04 13:44:11.337981
29_PKvsLSG,May 04,13:29:25,Maharaja Yadavindra Singh International Cricket Stadium,4,2,Marco Jansen,Mitchell Marsh,no run,driven powerfully towards mid-off and just because he struck it hard; they couldn't take a single. Travelled quickly to the fielder inside the circle,2026-05-04 13:44:11.338089
29_PKvsLSG,May 04,13:29:25,Maharaja Yadavindra Singh International Cricket Stadium,4,3,Marco Jansen,Mitchell Marsh,leg byes,1 run; tad short and slow around middle and leg; Mitchell Marsh swings early; gets hit on the thigh pad,2026-05-04 13:44:11.338204
29_PKvsLSG,May 04,13:29:25,Maharaja Yadavindra Singh International Cricket Stadium,4,4,Marco Jansen,Ayush Badoni,FOUR,50 up for LSG! He's making the most of his form. Shuffles across in the crease and scoops this away to the fine leg fence. Was a length delivery and Ayush Badoni managed to put it away,2026-05-04 13:44:11.338320
29_PKvsLSG,May 04,13:29:25,Maharaja Yadavindra Singh International Cricket Stadium,4,5,Marco Jansen,Ayush Badoni,FOUR,back-to-back boundaries! Marco Jansen goes full on off and Ayush Badoni drives it past the fielder at mid-off. Good timing and placement,2026-05-04 13:44:11.338437
29_PKvsLSG,May 04,13:29:25,Maharaja Yadavindra Singh International Cricket Stadium,4,6,Marco Jansen,Ayush Badoni,1 run,on a length around middle and leg; nudged through the leg-side,2026-05-04 13:44:11.338545
29_PKvsLSG,May 04,13:29:25,Maharaja Yadavindra Singh International Cricket Stadium,5,1,Vijaykumar Vyshak,Ayush Badoni,FOUR,Ayush Badoni continues to find the boundary. Vijaykumar Vyshak goes full outside off; Ayush Badoni leans forward and square drives this through the off-side as it results in four runs,2026-05-04 13:44:11.338673
29_PKvsLSG,May 04,13:29:25,Maharaja Yadavindra Singh International Cricket Stadium,5,2,Vijaykumar Vyshak,Ayush Badoni,1 run,pitched up by the bowler around middle and leg; squeezed to long-on for one,2026-05-04 13:44:11.338783
29_PKvsLSG,May 04,13:29:25,Maharaja Yadavindra Singh International Cricket Stadium,5,3,Vijaykumar Vyshak,Mitchell Marsh,1 run,yorker length delivery around off; Mitchell Marsh squeezes it towards the off-side,2026-05-04 13:44:11.338893
29_PKvsLSG,May 04,13:29:25,Maharaja Yadavindra Singh International Cricket Stadium,5,4,Vijaykumar Vyshak,Ayush Badoni,no run,well-executed yorker outside off; Ayush Badoni tries to squeeze it out; misses,2026-05-04 13:44:11.339001
29_PKvsLSG,May 04,13:29:25,Maharaja Yadavindra Singh International Cricket Stadium,5,5,Vijaykumar Vyshak,Ayush Badoni,no run,slower one; it's a low full toss as Ayush Badoni slices it into the off-side; straight to the fielder though,2026-05-04 13:44:11.339110
29_PKvsLSG,May 04,13:29:25,Maharaja Yadavindra Singh International Cricket Stadium,5,6,Vijaykumar Vyshak,Ayush Badoni,out Caught by Xavier Bartlett!! Ayush Badoni departs on the final ball of the powerplay. Gets deceived due to the slower one while playing this shot. Loses his shape as the ball comes off the inside part of his bat. Bartlett at mid-wicket completes the formalities. End of a handy cameo by Ayush Badoni. But LSG needed more from him,as the target is a massive one. Ayush Badoni c Xavier Bartlett b Vijaykumar Vyshak 35(21) [4s-5 6s-1],2026-05-04 13:44:11.339226
29_PKvsLSG,May 04,13:29:25,Maharaja Yadavindra Singh International Cricket Stadium,6,1,Marco Jansen,Mitchell Marsh,1 run,short and angled in from round the wicket; Marsh mistimes the pull backward of square,2026-05-04 13:44:11.339342
29_PKvsLSG,May 04,13:29:25,Maharaja Yadavindra Singh International Cricket Stadium,6,2,Marco Jansen,Rishabh Pant,1 run,140.9ks short of length delivery; Pant rides the bounce and pulls to long leg; straight to Chahal,2026-05-04 13:44:11.339457
29_PKvsLSG,May 04,13:29:25,Maharaja Yadavindra Singh International Cricket Stadium,6,3,Marco Jansen,Mitchell Marsh,1 run,129.1ks slower ball and Marsh tries to muscle the pull; miscues and the ball lands safely in the vacant mid-wicket region,2026-05-04 13:44:11.339569
29_PKvsLSG,May 04,13:29:25,Maharaja Yadavindra Singh International Cricket Stadium,6,4,Marco Jansen,Rishabh Pant,SIX,there goes Pant. His team needs him to fire today. 141.8ks full pitcher; right in the slot and Pant smokes it over wide long-on. That came right off the middle - 79 meters..,2026-05-04 13:44:11.339709
29_PKvsLSG,May 04,13:29:25,Maharaja Yadavindra Singh International Cricket Stadium,6,5,Marco Jansen,Rishabh Pant,SIX,Pant is in the house. This is a typical Pant shot - hand comes off the bat handle and the ball ends up in the stands. He charges down; it is the slower ball but Pant goes through with the shot; sends it straight and 89 meters long,2026-05-04 13:44:11.339830
29_PKvsLSG,May 04,13:29:25,Maharaja Yadavindra Singh International Cricket Stadium,6,6,Marco Jansen,Rishabh Pant,no run,118.6ks off-pace delivery; Pant attempts the reverse scoop and does not connect,2026-05-04 13:44:11.339984
29_PKvsLSG,May 04,13:29:25,Maharaja Yadavindra Singh International Cricket Stadium,7,1,Yuzvendra Chahal,Mitchell Marsh,1 run,dragged short; Marsh waits and thumps the pull to long-on,2026-05-04 13:44:11.340098
29_PKvsLSG,May 04,13:29:25,Maharaja Yadavindra Singh International Cricket Stadium,7,2,Yuzvendra Chahal,Rishabh Pant,2 runs,flatter delivery on off; Pant nudges it into the mid-wicket pocket and races back for the second,2026-05-04 13:44:11.340207
29_PKvsLSG,May 04,13:29:25,Maharaja Yadavindra Singh International Cricket Stadium,7,3,Yuzvendra Chahal,Rishabh Pant,2 runs,flighted delivery around off; Pant sits down and sweeps it in front of square; couple more,2026-05-04 13:44:11.340372
29_PKvsLSG,May 04,13:29:25,Maharaja Yadavindra Singh International Cricket Stadium,7,4,Yuzvendra Chahal,Rishabh Pant,1 run,in the air and safe. Chahal does not offer width; keeps it around leg-stump and Pant attempts the lap; the ball bounces more and lobs off the glove; lands short of the incoming short fine fielder,2026-05-04 13:44:11.340498
29_PKvsLSG,May 04,13:29:25,Maharaja Yadavindra Singh International Cricket Stadium,7,5,Yuzvendra Chahal,Mitchell Marsh,SIX,smashed! Marsh has picked the bones out of this. Bit of flight; but the length allowed Marsh to get under it; he sits down and pumps the slog sweep flat over cow corner,2026-05-04 13:44:11.340611
29_PKvsLSG,May 04,13:29:25,Maharaja Yadavindra Singh International Cricket Stadium,7,6,Yuzvendra Chahal,Mitchell Marsh,1 run,slows it up and makes Marsh reach outside off; chopped towards point and he had to hurry. The throw is off target and Marsh manages to get in. Direct-hit and Marsh was struggling,2026-05-04 13:44:11.340743
29_PKvsLSG,May 04,13:29:25,Maharaja Yadavindra Singh International Cricket Stadium,8,1,Vijaykumar Vyshak,Mitchell Marsh,wide,115.7ks slower bouncer; but too high and lobs over Marsh; called wide for height,2026-05-04 13:44:11.340858
29_PKvsLSG,May 04,13:29:25,Maharaja Yadavindra Singh International Cricket Stadium,8,1,Vijaykumar Vyshak,Mitchell Marsh,1 run,134.6ks full toss on leg-stump; Marsh eases it down to long-on,2026-05-04 13:44:11.340969
29_PKvsLSG,May 04,13:29:25,Maharaja Yadavindra Singh International Cricket Stadium,8,2,Vijaykumar Vyshak,Rishabh Pant,1 run,119.9ks slower and banged into the surface; Pant walks down and slaps it to long-off,2026-05-04 13:44:11.341080
29_PKvsLSG,May 04,13:29:25,Maharaja Yadavindra Singh International Cricket Stadium,8,3,Vijaykumar Vyshak,Mitchell Marsh,1 run,another full toss that Marsh has missed out on; he wanted to smash it out of the park and ends up mistiming it to long-off,2026-05-04 13:44:11.341187
29_PKvsLSG,May 04,13:29:25,Maharaja Yadavindra Singh International Cricket Stadium,8,4,Vijaykumar Vyshak,Rishabh Pant,wide,119.8ks another slower bouncer; but too high for the umpire's liking; called wide for height,2026-05-04 13:44:11.341295
29_PKvsLSG,May 04,13:29:25,Maharaja Yadavindra Singh International Cricket Stadium,8,4,Vijaykumar Vyshak,Rishabh Pant,1 run,short of length and no width on offer; Pant chops the cut square of the wicket,2026-05-04 13:44:11.341402
29_PKvsLSG,May 04,13:29:25,Maharaja Yadavindra Singh International Cricket Stadium,8,5,Vijaykumar Vyshak,Mitchell Marsh,1 run,133.3ks very full delivery around off; Marsh toe-ends the drive to long-off,2026-05-04 13:44:11.341507
29_PKvsLSG,May 04,13:29:25,Maharaja Yadavindra Singh International Cricket Stadium,8,6,Vijaykumar Vyshak,Rishabh Pant,1 run,110.1ks off-pace delivery; Pant shuffles across and gets into a tangle; gloves the lap to short fine and quickly crosses over,2026-05-04 13:44:11.341613
29_PKvsLSG,May 04,13:29:25,Maharaja Yadavindra Singh International Cricket Stadium,9,1,Yuzvendra Chahal,Rishabh Pant,no run,drifted across the left-hander; Pant has to reach for the cut and chops it to cover-point,2026-05-04 13:44:11.341732
29_PKvsLSG,May 04,13:29:25,Maharaja Yadavindra Singh International Cricket Stadium,9,2,Yuzvendra Chahal,Rishabh Pant,1 run,now floats it up and lands it around yorker length; Pant digs it through mid-wicket,2026-05-04 13:44:11.341837
29_PKvsLSG,May 04,13:29:25,Maharaja Yadavindra Singh International Cricket Stadium,9,3,Yuzvendra Chahal,Mitchell Marsh,1 run,short and outside off; Marsh slaps it in front of square and there's deep extra cover in place; just a single,2026-05-04 13:44:11.341945
29_PKvsLSG,May 04,13:29:25,Maharaja Yadavindra Singh International Cricket Stadium,9,4,Yuzvendra Chahal,Rishabh Pant,1 run,doesn't quite connect. This is dragged short and Pant winds up for the pull; toe-ends it to deep mid-wicket,2026-05-04 13:44:11.342053
29_PKvsLSG,May 04,13:29:25,Maharaja Yadavindra Singh International Cricket Stadium,9,5,Yuzvendra Chahal,Mitchell Marsh,1 run,92ks flighted but lands in the blockhole; Marsh can only squeeze it out to long-on,2026-05-04 13:44:11.342163
29_PKvsLSG,May 04,13:29:25,Maharaja Yadavindra Singh International Cricket Stadium,9,6,Yuzvendra Chahal,Rishabh Pant,1 run,slows it up as he spots Pant walk down the pitch; 81.2ks and Pant does not get close to the ball; works it into the leg-side and picks up the single,2026-05-04 13:44:11.342269
29_PKvsLSG,May 04,13:29:25,Maharaja Yadavindra Singh International Cricket Stadium,10,1,Vijaykumar Vyshak,Rishabh Pant,wide,short ball down leg; Pant gets inside the line and tries to help it along; misses and wide called,2026-05-04 13:44:11.342379
29_PKvsLSG,May 04,13:29:25,Maharaja Yadavindra Singh International Cricket Stadium,10,1,Vijaykumar Vyshak,Rishabh Pant,FOUR,much needed. 115.9ks slower short of length delivery; Pant had to fetch it from outside off; but that allowed him to generate power; hammers it wide of mid-on and sends it racing,2026-05-04 13:44:11.342489
29_PKvsLSG,May 04,13:29:25,Maharaja Yadavindra Singh International Cricket Stadium,10,2,Vijaykumar Vyshak,Rishabh Pant,1 run,appeal for LBW from Vyshak. The umpire is not interested. Pant bends low and attempts to heave it into the leg-side; ekes out an inside-edge onto the back thigh and the ball rolls to backward point,2026-05-04 13:44:11.342598
29_PKvsLSG,May 04,13:29:25,Maharaja Yadavindra Singh International Cricket Stadium,10,3,Vijaykumar Vyshak,Mitchell Marsh,no run,slower ball around off; Marsh swings across the line and misses,2026-05-04 13:44:11.342722
29_PKvsLSG,May 04,13:29:25,Maharaja Yadavindra Singh International Cricket Stadium,10,4,Vijaykumar Vyshak,Mitchell Marsh,1 run,that's the third full toss Marsh has missed out off Vyshak. He miscues it down the ground and Connolly keeps it to a single,2026-05-04 13:44:11.342833
29_PKvsLSG,May 04,13:29:25,Maharaja Yadavindra Singh International Cricket Stadium,10,5,Vijaykumar Vyshak,Rishabh Pant,no run,116.7ks off-pace delivery; Pant throws the kitchen sink on the big shot and gets an under-edge back to Prabhsimran. This is turning into another tidy over..,2026-05-04 13:44:11.342943
29_PKvsLSG,May 04,13:29:25,Maharaja Yadavindra Singh International Cricket Stadium,10,6,Vijaykumar Vyshak,Rishabh Pant,no run,excellent from Vyshak. Just 7 runs even after conceding the boundary. 135.6ks yorker outside off; Pant bends down and can't lay bat to squeeze it out,2026-05-04 13:44:11.343053
29_PKvsLSG,May 04,13:29:25,Maharaja Yadavindra Singh International Cricket Stadium,11,1,Yuzvendra Chahal,Mitchell Marsh,out Caught by Xavier Bartlett!! The break,the pressure; leads to the breaking of the partnership. Just 20 runs off the last 3 overs and the message was sent out. Marsh tries to take on Chahal first ball after the break and perishes in the process. Flighted outside off; Marsh sits down and drags it to the leg-side; hits it flat and straight to long-on; Bartlett didn't have to move and the ball came at a nice height for him. Marsh would have been better of hitting that with the spin over the off-side. He could not get it off the middle since he had to drag the shot. Mitchell Marsh c Xavier Bartlett b Yuzvendra Chahal 40(28) [4s-3 6s-2],2026-05-04 13:44:11.343173
29_PKvsLSG,May 04,13:29:25,Maharaja Yadavindra Singh International Cricket Stadium,11,2,Yuzvendra Chahal,Nicholas Pooran,leg byes,1 run; flatter and leg-lined; Pooran misses the tuck and the ball deflects off the pad,2026-05-04 13:44:11.343286
29_PKvsLSG,May 04,13:29:25,Maharaja Yadavindra Singh International Cricket Stadium,11,3,Yuzvendra Chahal,Rishabh Pant,SIX,almost another tag-team catch by PBKS. Pant comes down the track; does not get to the pitch but goes through with the shot. He gets more height than distance. Priyansh runs to his right from deep mid-wicket; takes it with both hands close to the ad cushions; but he could not release the ball for Jansen coming across from long-on in time; steps on the ad cushions and concedes the six,2026-05-04 13:44:11.343400
29_PKvsLSG,May 04,13:29:25,Maharaja Yadavindra Singh International Cricket Stadium,11,4,Yuzvendra Chahal,Rishabh Pant,SIX,back to back sixes. Pant has decided to take on Chahal. This was slowed up and Pant's eyes lit up; he comes down the track and swings it with one hand off the bat handle. This ones off the middle and clears the long-on fence comfortably,2026-05-04 13:44:11.343516
29_PKvsLSG,May 04,13:29:25,Maharaja Yadavindra Singh International Cricket Stadium,11,5,Yuzvendra Chahal,Rishabh Pant,1 run,swept to deep mid-wicket,2026-05-04 13:44:11.343623
29_PKvsLSG,May 04,13:29:25,Maharaja Yadavindra Singh International Cricket Stadium,11,6,Yuzvendra Chahal,Nicholas Pooran,no run,Punjab Kings lose a review! Chahal was very confident. Almost pleaded with the umpire for the LBW. Since he didn't oblige; Chahal convinced Shreyas to send it upstairs. Pooran kneels down and attempts the slog sweep; misses and is struck in-line with the stumps. But the ball had pitched outside leg and that saves Pooran,2026-05-04 13:44:11.343753
29_PKvsLSG,May 04,13:29:25,Maharaja Yadavindra Singh International Cricket Stadium,12,1,Arshdeep Singh,Rishabh Pant,1 run,very full delivery; Pant presents the full face of the bat and drives to long-on,2026-05-04 13:44:11.343870
29_PKvsLSG,May 04,13:29:25,Maharaja Yadavindra Singh International Cricket Stadium,12,2,Arshdeep Singh,Nicholas Pooran,2 runs,138ks full and angling in; Pooran clips it with soft hands in front of square and races back for the second. The throw goes to Pant's end but he was in and gets hit on the body,2026-05-04 13:44:11.343978
29_PKvsLSG,May 04,13:29:25,Maharaja Yadavindra Singh International Cricket Stadium,12,3,Arshdeep Singh,Nicholas Pooran,wide,137ks full toss down leg; Pooran gets nothing on the heave and umpire signals a wide,2026-05-04 13:44:11.344092
29_PKvsLSG,May 04,13:29:25,Maharaja Yadavindra Singh International Cricket Stadium,12,3,Arshdeep Singh,Nicholas Pooran,1 run,136ks fullish delivery around off; Pooran kneels down and slog sweeps it towards deep mid-wicket; tag-team effort from Bartlett and Jansen keeps it to a single,2026-05-04 13:44:11.344203
29_PKvsLSG,May 04,13:29:25,Maharaja Yadavindra Singh International Cricket Stadium,12,4,Arshdeep Singh,Rishabh Pant,out Caught by Prabhsimran Singh!! Arshdeep comes back and gets the big scalp of Pant. He does the thigh-slap celebration once the umpire raised the finger. This is a wide yorker,Pant is reaching for it by bending low; opens the bat face to try and slice it behind the square on the off-side; the bat also thuds into the ground almost at the same time as the ball flew off the bat. Prabhsimran knew straightaway and he went up immediately. There was a big deflection but Pant wasn't sure because he the bat brushing the ground and the ball were at the same time. Rishabh Pant c Prabhsimran Singh b Arshdeep Singh 43(23) [4s-1 6s-4],2026-05-04 13:44:11.344322
29_PKvsLSG,May 04,13:29:25,Maharaja Yadavindra Singh International Cricket Stadium,12,5,Arshdeep Singh,Aiden Markram,1 run,139.4ks good length ball around off; Markram check drives it to long-on,2026-05-04 13:44:11.344437
29_PKvsLSG,May 04,13:29:25,Maharaja Yadavindra Singh International Cricket Stadium,12,6,Arshdeep Singh,Nicholas Pooran,FOUR,nicely done! Short ball around off; Pooran was swaying out of the line but at the last second decided to ramp it over the keeper; gets enough contact for the ball to clear the infield and race away,2026-05-04 13:44:11.344550
29_PKvsLSG,May 04,13:29:25,Maharaja Yadavindra Singh International Cricket Stadium,13,1,Yuzvendra Chahal,Aiden Markram,1 run,91ks flatter and skidding on; Markram hurriedly brings his bat down and squeezes an inside-edge backward of square,2026-05-04 13:44:11.344672
29_PKvsLSG,May 04,13:29:25,Maharaja Yadavindra Singh International Cricket Stadium,13,2,Yuzvendra Chahal,Nicholas Pooran,no run,very full delivery; Pooran jams it into the ground and back to Chahal,2026-05-04 13:44:11.344785
29_PKvsLSG,May 04,13:29:25,Maharaja Yadavindra Singh International Cricket Stadium,13,3,Yuzvendra Chahal,Nicholas Pooran,1 run,once more fired into the blockhole; Pooran digs it to the left of Chahal and he can't make the stop,2026-05-04 13:44:11.344896
29_PKvsLSG,May 04,13:29:25,Maharaja Yadavindra Singh International Cricket Stadium,13,4,Yuzvendra Chahal,Aiden Markram,1 run,tossed up around off; Markram mistimes the drive to long-on,2026-05-04 13:44:11.345002
29_PKvsLSG,May 04,13:29:25,Maharaja Yadavindra Singh International Cricket Stadium,13,5,Yuzvendra Chahal,Nicholas Pooran,1 run,dropped! Not sure if Shashank even got a hand to it. Googly around leg; Pooran kneels down to play the slog sweep and gets a big top-edge. The ball goes high and Shashank waits and waits near deep square leg; the ball swirls away from him and he dives to his right; probably only got fingertips before the ball hit the ground,2026-05-04 13:44:11.345112
29_PKvsLSG,May 04,13:29:25,Maharaja Yadavindra Singh International Cricket Stadium,13,6,Yuzvendra Chahal,Aiden Markram,1 run,drifting into the right-hander; Markram clips it to deep mid-wicket and retains strike,2026-05-04 13:44:11.345219
29_PKvsLSG,May 04,13:29:25,Maharaja Yadavindra Singh International Cricket Stadium,14,1,Marco Jansen,Aiden Markram,1 run,114.6ks pace off and angled in from round the wicket; Markram flicks to deep square leg,2026-05-04 13:44:11.345327
29_PKvsLSG,May 04,13:29:25,Maharaja Yadavindra Singh International Cricket Stadium,14,2,Marco Jansen,Nicholas Pooran,out Caught by Shreyas Iyer!! No mistake by Shreyas Iyer. Pooran's poor tournament extends to another game. This was the knuckle ball and Pooran did not spot it. He goes through with the big shot down the ground and mistimes it straight up,Iyer runs to his right from long-on and hangs on. It was bowled at 118.6ks and Pooran was way early into the shot. Nicholas Pooran c Shreyas Iyer b Marco Jansen 9(9) [4s-1],2026-05-04 13:44:11.345440
29_PKvsLSG,May 04,13:29:25,Maharaja Yadavindra Singh International Cricket Stadium,14,3,Marco Jansen,Mukul Choudhary,no run,short ball around off; Choudhary ducks and allows it to sail over him,2026-05-04 13:44:11.345554
29_PKvsLSG,May 04,13:29:25,Maharaja Yadavindra Singh International Cricket Stadium,14,4,Marco Jansen,Mukul Choudhary,1 run,short and bowled into the wicket; Choudhary pulls to mid-wicket and quickly crosses over,2026-05-04 13:44:11.345678
29_PKvsLSG,May 04,13:29:25,Maharaja Yadavindra Singh International Cricket Stadium,14,5,Marco Jansen,Aiden Markram,1 run,another slower ball and Markram swings hard across the line; ekes out an inside-edge backward of square leg,2026-05-04 13:44:11.345788
29_PKvsLSG,May 04,13:29:25,Maharaja Yadavindra Singh International Cricket Stadium,14,6,Marco Jansen,Mukul Choudhary,1 run,on a length and outside off; Choudhary eases it to point and retains strike,2026-05-04 13:44:11.345896
29_PKvsLSG,May 04,13:29:25,Maharaja Yadavindra Singh International Cricket Stadium,15,1,Xavier Bartlett,Mukul Choudhary,1 run,yorker outside off; Choudhary squeezes the drive to long-off,2026-05-04 13:44:11.346030
29_PKvsLSG,May 04,13:29:25,Maharaja Yadavindra Singh International Cricket Stadium,15,2,Xavier Bartlett,Aiden Markram,1 run,133.2ks nails the yorker on off-stump; Markram digs it out to long-off,2026-05-04 13:44:11.346184
29_PKvsLSG,May 04,13:29:25,Maharaja Yadavindra Singh International Cricket Stadium,15,3,Xavier Bartlett,Mukul Choudhary,1 run,108.7ks slower ball outside off; Choudhary flat-bats it to long-on,2026-05-04 13:44:11.346291
29_PKvsLSG,May 04,13:29:25,Maharaja Yadavindra Singh International Cricket Stadium,15,4,Xavier Bartlett,Aiden Markram,SIX,finally Markram sends one over the rope. This too was not off the middle but such is his power. Slower ball; but right in the zone; Markram heaves it wide of deep mid-wicket and sends it all the way,2026-05-04 13:44:11.346401
29_PKvsLSG,May 04,13:29:25,Maharaja Yadavindra Singh International Cricket Stadium,15,5,Xavier Bartlett,Aiden Markram,SIX,that's a gift from Bartlett and Markram accepts it happily. Juicy full toss; just below the waist and Markram could pick his spot; swings hard and sends it sailing into the cow corner stand,2026-05-04 13:44:11.346545
29_PKvsLSG,May 04,13:29:25,Maharaja Yadavindra Singh International Cricket Stadium,15,6,Xavier Bartlett,Aiden Markram,1 run,goes back to the yorker; Markram squeezes it out to long-on and retains strike,2026-05-04 13:44:11.346683
29_PKvsLSG,May 04,13:29:25,Maharaja Yadavindra Singh International Cricket Stadium,16,1,Vijaykumar Vyshak,Aiden Markram,1 run,132.3ks low full toss around off; Markram drives it down to long-on,2026-05-04 13:44:11.346835
29_PKvsLSG,May 04,13:29:25,Maharaja Yadavindra Singh International Cricket Stadium,16,2,Vijaykumar Vyshak,Mukul Choudhary,no run,131.8ks short and outside off; Choudhary attempts a belated ramp and does not connect,2026-05-04 13:44:11.346947
29_PKvsLSG,May 04,13:29:25,Maharaja Yadavindra Singh International Cricket Stadium,16,3,Vijaykumar Vyshak,Mukul Choudhary,SIX,the helicopter takes off. We saw that a few times against KKR. This is not quite in the yorker length; so Choudhary is able to get under it; he whips it and the followthrough is what makes it the helicopter. The ball soars past the wide long-on fence,2026-05-04 13:44:11.347063
29_PKvsLSG,May 04,13:29:25,Maharaja Yadavindra Singh International Cricket Stadium,16,4,Vijaykumar Vyshak,Mukul Choudhary,1 run,slower ball from short of length; Choudhary drags the pull to deep square leg,2026-05-04 13:44:11.347172
29_PKvsLSG,May 04,13:29:25,Maharaja Yadavindra Singh International Cricket Stadium,16,5,Vijaykumar Vyshak,Aiden Markram,no run,off-pace short of length delivery; Markram is through the pull early and misses,2026-05-04 13:44:11.347280
29_PKvsLSG,May 04,13:29:25,Maharaja Yadavindra Singh International Cricket Stadium,16,6,Vijaykumar Vyshak,Aiden Markram,no ball,another slower bouncer. But this is over Markram's head. It is called a no-ball because it was the third short ball for the over. Vyshak is not happy with the umpire. He's shaking his head as he walks back. They don't want to review as well as there's plenty of runs in the bank. So; Free-hit coming up..,2026-05-04 13:44:11.347396
29_PKvsLSG,May 04,13:29:25,Maharaja Yadavindra Singh International Cricket Stadium,16,6,Vijaykumar Vyshak,Aiden Markram,no run,nails the yorker around leg-stump; Markram clears his front leg and fails to keep it out; struck on the back pad but the impact was outside leg,2026-05-04 13:44:11.347509
29_PKvsLSG,May 04,13:29:25,Maharaja Yadavindra Singh International Cricket Stadium,17,1,Arshdeep Singh,Mukul Choudhary,no run,short and angled across; Choudhary takes it on but the ball keeps climbing and goes over the top-edge,2026-05-04 13:44:11.347619
29_PKvsLSG,May 04,13:29:25,Maharaja Yadavindra Singh International Cricket Stadium,17,2,Arshdeep Singh,Mukul Choudhary,FOUR,full and outside off; Choudhary stays deep in the crease and swings hard; gets a thick outside-edge and the ball flies over short third,2026-05-04 13:44:11.347745
29_PKvsLSG,May 04,13:29:25,Maharaja Yadavindra Singh International Cricket Stadium,17,3,Arshdeep Singh,Mukul Choudhary,no run,LSG lose a review. Wide yorker outside off; but Choudhary had moved across and the wide guideline moved with him; he couldn't squeeze it out as he was late on the shot. The umpire got it spot on..,2026-05-04 13:44:11.347861
29_PKvsLSG,May 04,13:29:25,Maharaja Yadavindra Singh International Cricket Stadium,17,4,Arshdeep Singh,Mukul Choudhary,1 run,very full and outside off; Choudhary opens the bat face and slices it to deep backward point,2026-05-04 13:44:11.347970
29_PKvsLSG,May 04,13:29:25,Maharaja Yadavindra Singh International Cricket Stadium,17,5,Arshdeep Singh,Aiden Markram,SIX,what happened there? Shashank just gives up on the catch. He is apologising by putting his hand up. He will have to explain that to Ponting who is up on his feet in the dugout. Full and angled across; Markram lofts through the line; gets more height than distance. Shashank runs around from sweeper cover and just stands there; allowing the ball to sail over him and land on the ad cushions. If he had judged it correctly then there was a chance to take the catch. Arshdeep is not happy. Ponting is not happy. Shashank has a wry smile as he apologises,2026-05-04 13:44:11.348106
29_PKvsLSG,May 04,13:29:25,Maharaja Yadavindra Singh International Cricket Stadium,17,6,Arshdeep Singh,Aiden Markram,1 run,very full and outside off; Markram squeezes the drive to long-off,2026-05-04 13:44:11.348510
29_PKvsLSG,May 04,13:29:25,Maharaja Yadavindra Singh International Cricket Stadium,18,1,Xavier Bartlett,Aiden Markram,FOUR,full toss outside off; plenty of width and Markram goes over backward point; he opened the bat face and sliced it over the infield. Just had to clear the inner ring,2026-05-04 13:44:11.348691
29_PKvsLSG,May 04,13:29:25,Maharaja Yadavindra Singh International Cricket Stadium,18,2,Xavier Bartlett,Aiden Markram,FOUR,another full toss and Markram capitalises. He goes in front of square this time; middles the drive and beats the fielder in the deep,2026-05-04 13:44:11.348831
29_PKvsLSG,May 04,13:29:25,Maharaja Yadavindra Singh International Cricket Stadium,18,3,Xavier Bartlett,Aiden Markram,wide,bouncer but too short and too high; lobs over Markram's head and it is called wide for height,2026-05-04 13:44:11.348952
29_PKvsLSG,May 04,13:29:25,Maharaja Yadavindra Singh International Cricket Stadium,18,3,Xavier Bartlett,Aiden Markram,1 run,too full and close to yorker length; Markram digs it out to long-on,2026-05-04 13:44:11.349064
29_PKvsLSG,May 04,13:29:25,Maharaja Yadavindra Singh International Cricket Stadium,18,4,Xavier Bartlett,Mukul Choudhary,2 runs,dropped! Shashank the fielder once again. Shreyas has a smile on his face; he can see the funny side. But not his coach; Ponting is fuming in the dugout. Short ball bowled into the wicket; Choudhary is early into the pull and miscues it to deep square leg. Shashank comes in; bends down and gets both hands but the ball does not stick,2026-05-04 13:44:11.349229
29_PKvsLSG,May 04,13:29:25,Maharaja Yadavindra Singh International Cricket Stadium,18,5,Xavier Bartlett,Mukul Choudhary,no run,slower short ball; Choudhary pulls and misses. He was early into the shot..,2026-05-04 13:44:11.349348
29_PKvsLSG,May 04,13:29:25,Maharaja Yadavindra Singh International Cricket Stadium,18,6,Xavier Bartlett,Mukul Choudhary,1 run,low full toss; Choudhary helicopters it straight back over the bowler and Shreyas keeps it to a single,2026-05-04 13:44:11.349462
29_PKvsLSG,May 04,13:29:25,Maharaja Yadavindra Singh International Cricket Stadium,19,1,Marco Jansen,Mukul Choudhary,1 run,short of length delivery; Choudhary waits and pulls to deep mid-wicket,2026-05-04 13:44:11.349615
29_PKvsLSG,May 04,13:29:25,Maharaja Yadavindra Singh International Cricket Stadium,19,2,Marco Jansen,Aiden Markram,1 run,fuller and around off; Markram drives it to long-on,2026-05-04 13:44:11.349760
29_PKvsLSG,May 04,13:29:25,Maharaja Yadavindra Singh International Cricket Stadium,19,3,Marco Jansen,Mukul Choudhary,1 run,dropped! Now Prabhsimran Singh makes a mess. Full and angled across; Choudhary had to reach for the big shot and slices it straight up. Prabhsimran calls for it and runs towards short third. Chahal also converged but he backed out; Prabhsimran went with both hands and spilled it,2026-05-04 13:44:11.349873
29_PKvsLSG,May 04,13:29:25,Maharaja Yadavindra Singh International Cricket Stadium,19,4,Marco Jansen,Aiden Markram,FOUR,on a length and outside off; Markram throws the kitchen sink and gets a thick outside-edge; the ball flies over Chahal at short third. Not where he intended but Markram will take the boundary,2026-05-04 13:44:11.349992
29_PKvsLSG,May 04,13:29:25,Maharaja Yadavindra Singh International Cricket Stadium,19,5,Marco Jansen,Aiden Markram,out Caught by Marcus Stoinis!! Stoinis hangs on. The catch dropping viral hasn't reached him yet. This is full and slanted across the right-hander,Markram stays deep in the crease but still couldn't quite get under the length; hits it flat and straight to long-on; Stoinis bends down and takes it safely. Punjab Kings are almost there.. Aiden Markram c Marcus Stoinis b Marco Jansen 42(22) [4s-3 6s-3],2026-05-04 13:44:11.350116
29_PKvsLSG,May 04,13:29:25,Maharaja Yadavindra Singh International Cricket Stadium,19,6,Marco Jansen,Himmat Singh,1 run,Punjab Kings win by 54 runs. This is a massive win for the home side. They are unstoppable at the moment. The poor fielding towards the end might have put a bit of a dampener in the celebrations. Coming to the ball: full and in the slot; Himmat clears his front leg and hammers it straight back; Jansen sticks his hand out and can't hang on. Tough to call that a drop because it was struck really hard and Jansen was in his followthrough,2026-05-04 13:44:11.350236
