,Name,Team,Country,Born,Birth Place,Role,Keeper,Batting Style,Bowling Style,Height
0,Ruturaj Gaikwad,Chennai Super Kings,India,"January 31, 1997 (29 years)","Pune, Maharashtra",Batsman,False,Right Handed Bat,Right-arm offbreak,
1,Dewald Brevis,Chennai Super Kings,South Africa,"April 29, 2003 (22 years)",Johannesburg,Batsman,False,Right Handed Bat,Right-arm legbreak,
2,Ayush Mhatre,Chennai Super Kings,India,"July 16, 2007 (18 years)",,Batsman,False,Right Handed Bat,Right-arm offbreak,
3,Matthew Short,Chennai Super Kings,Australia,"November 08, 1995 (30 years)",,Batsman,False,Right Handed Bat,Right-arm offbreak,
4,Sarfaraz Khan,Chennai Super Kings,India,"October 22, 1997 (28 years)",Mumbai,Batsman,False,Right Handed Bat,Right-arm legbreak,
5,Shivam Dube,Chennai Super Kings,India,"June 26, 1993 (32 years)",Mumbai,Batting Allrounder,False,Left Handed Bat,Right-arm medium,
6,Ramakrishna Ghosh,Chennai Super Kings,India,"August 28, 1997 (28 years)",Nashik,Batting Allrounder,False,Right Handed Bat,Right-arm fast-medium,
7,Anshul Kamboj,Chennai Super Kings,India,"December 06, 2000 (25 years)","Karnal, Haryana",Bowling Allrounder,False,Right Handed Bat,Right-arm fast-medium,
8,Jamie Overton,Chennai Super Kings,England,"April 10, 1994 (31 years)","Barnstaple, Devon",Bowling Allrounder,False,Right Handed Bat,Right-arm fast,
9,Zakary Foulkes,Chennai Super Kings,New Zealand,"June 05, 2002 (23 years)","Christchurch, Canterbury",Bowling Allrounder,False,Right Handed Bat,Right-arm medium,
10,MS Dhoni,Chennai Super Kings,India,"July 07, 1981 (44 years)","Ranchi, Bihar (now Jharkhand)",WK-Batsman,True,Right Handed Bat,Right-arm medium,5 ft 11 in (180 cm)
11,Sanju Samson,Chennai Super Kings,India,"November 11, 1994 (31 years)","Pulluvila, Vizhinjam, Trivandrum",WK-Batsman,True,Right Handed Bat,,
12,Urvil Patel,Chennai Super Kings,India,"October 17, 1998 (27 years)","Mehsana, Baroda",WK-Batsman,True,Right Handed Bat,,
13,Kartik Sharma,Chennai Super Kings,India,"April 26, 2006 (19 years)",,WK-Batsman,True,Right Handed Bat,,
14,Shreyas Gopal,Chennai Super Kings,India,"September 04, 1993 (32 years)","Banglaore, Karnataka",Bowler,False,Right Handed Bat,Right-arm legbreak,
15,Mukesh Choudhary,Chennai Super Kings,India,"July 06, 1996 (29 years)","Pardodas, Bhilwara, Rajasthan",Bowler,False,Left Handed Bat,Left-arm fast-medium,
16,Nathan Ellis,Chennai Super Kings,Australia,"September 22, 1994 (31 years)","Greenacre, New South Wales",Bowler,False,Right Handed Bat,Right-arm fast-medium,
17,Gurjapneet Singh,Chennai Super Kings,India,"November 08, 1998 (27 years)",,Bowler,False,Right Handed Bat,Left-arm fast-medium,
18,Noor Ahmad,Chennai Super Kings,Afghanistan,"January 03, 2005 (21 years)",,Bowler,False,Right Handed Bat,Left-arm wrist-spin,
19,Khaleel Ahmed,Chennai Super Kings,India,"December 05, 1997 (28 years)","Tonk, Rajasthan",Bowler,False,Right Handed Bat,Left-arm fast-medium,
20,Prashant Veer,Chennai Super Kings,India,"November 24, 2005 (20 years)","Amethi, Uttar Pradesh",Bowler,False,Left Handed Bat,Left-arm orthodox,
21,Akeal Hosein,Chennai Super Kings,West Indies,"April 25, 1993 (32 years)",Port-of-Spain,Bowler,False,Left Handed Bat,Left-arm orthodox,
22,Matt Henry,Chennai Super Kings,New Zealand,"December 14, 1991 (34 years)","Christchurch, Canterbury",Bowler,False,Right Handed Bat,Right-arm fast-medium,
23,Rahul Chahar,Chennai Super Kings,India,"August 04, 1999 (26 years)","Bharaatpur, Rajasthan",Bowler,False,Right Handed Bat,Right-arm legbreak,
24,Karun Nair,Delhi Capitals,India,"December 06, 1991 (34 years)",Jodhpur,Batsman,False,Right Handed Bat,Right-arm offbreak,
25,Sameer Rizvi,Delhi Capitals,India,"December 06, 2003 (22 years)","Meerut, Uttar Pradesh",Batsman,False,Right Handed Bat,Right-arm offbreak,
26,Nitish Rana,Delhi Capitals,India,"December 27, 1993 (32 years)",Delhi,Batsman,False,Left Handed Bat,Right-arm offbreak,
27,David Miller,Delhi Capitals,South Africa,"June 10, 1989 (36 years)","Pietermaritzburg, Natal",Batsman,False,Left Handed Bat,,
28,Ben Duckett,Delhi Capitals,England,"October 17, 1994 (31 years)","Farnborough, Kent",Batsman,False,Left Handed Bat,Right-arm offbreak,
29,Pathum Nissanka,Delhi Capitals,Sri Lanka,"May 18, 1998 (27 years)",Galle,Batsman,False,Right Handed Bat,,
30,Sahil Parakh,Delhi Capitals,India,"June 07, 2007 (18 years)",,Batsman,False,Left Handed Bat,Right-arm legbreak,
31,Ashutosh Sharma,Delhi Capitals,India,"September 15, 1998 (27 years)","Ratlam, Madhya Pradesh",Batting Allrounder,False,Right Handed Bat,Right-arm medium,
32,Tripurana Vijay,Delhi Capitals,India,"September 05, 2001 (24 years)","Tekkali, Andra Pradesh",Batting Allrounder,False,Right Handed Bat,Right-arm offbreak,
33,Axar Patel,Delhi Capitals,India,"January 20, 1994 (32 years)","Anand, Gujarat",Bowling Allrounder,False,Left Handed Bat,Left-arm orthodox,
34,Ajay Jadav Mandal,Delhi Capitals,India,"February 25, 1996 (30 years)","Durg, Chhattisgarh",Bowling Allrounder,False,Left Handed Bat,Left-arm orthodox,
35,Madhav Tiwari,Delhi Capitals,India,"September 28, 2003 (22 years)",,Bowling Allrounder,False,Right Handed Bat,Right-arm medium,
36,Auqib Nabi Dar,Delhi Capitals,India,"November 04, 1996 (29 years)",,Bowling Allrounder,False,Right Handed Bat,Right-arm fast-medium,
37,Tristan Stubbs,Delhi Capitals,South Africa,"August 14, 2000 (25 years)",,WK-Batsman,True,Right Handed Bat,Right-arm offbreak,
38,Abishek Porel,Delhi Capitals,India,"October 17, 2002 (23 years)",,WK-Batsman,True,Left Handed Bat,,
39,KL Rahul,Delhi Capitals,India,"April 18, 1992 (33 years)","Mangaluru, Karnataka",WK-Batsman,True,Right Handed Bat,,
40,Vipraj Nigam,Delhi Capitals,India,"July 28, 2004 (21 years)",,Bowler,False,Right Handed Bat,Right-arm legbreak,
41,Kuldeep Yadav,Delhi Capitals,India,"December 14, 1994 (31 years)","Kanpur, Uttar Pradesh",Bowler,False,Left Handed Bat,Left-arm wrist-spin,
42,Dushmantha Chameera,Delhi Capitals,Sri Lanka,"January 11, 1992 (34 years)",Ragama,Bowler,False,Right Handed Bat,Right-arm fast,
43,Mitchell Starc,Delhi Capitals,Australia,"January 30, 1990 (36 years)","Baulkham Hills, Sydney, New South Wales",Bowler,False,Left Handed Bat,Left-arm fast,1.96 m
44,T Natarajan,Delhi Capitals,India,"April 04, 1991 (34 years)",Salem,Bowler,False,Left Handed Bat,Left-arm fast-medium,
45,Mukesh Kumar,Delhi Capitals,India,"October 12, 1993 (32 years)","Gopalganj, Bihar",Bowler,False,Right Handed Bat,Right-arm fast-medium,
46,Lungi Ngidi,Delhi Capitals,South Africa,"March 29, 1996 (29 years)","Durban, Natal",Bowler,False,Right Handed Bat,Right-arm fast,
47,Kyle Jamieson,Delhi Capitals,New Zealand,"December 30, 1994 (31 years)",Auckland,Bowler,False,Right Handed Bat,Right-arm fast-medium,
48,Nehal Wadhera,Punjab Kings,India,"September 04, 2000 (25 years)","Ludhiana, Punjab",Batsman,False,Left Handed Bat,Right-arm legbreak,
49,Harnoor Singh,Punjab Kings,India,"January 30, 2003 (23 years)","Jallandhar, Punjab",Batsman,False,Left Handed Bat,Right-arm legbreak,
50,Shreyas Iyer,Punjab Kings,India,"December 06, 1994 (31 years)",Mumbai,Batsman,False,Right Handed Bat,Right-arm legbreak,
51,Pyla Avinash,Punjab Kings,India,"July 07, 2000 (25 years)",,Batsman,False,Right Handed Bat,Right-arm fast-medium,
52,Priyansh Arya,Punjab Kings,India,"September 18, 2001 (24 years)",Delhi,Batsman,False,Left Handed Bat,Right-arm offbreak,
53,Musheer Khan,Punjab Kings,India,"February 27, 2005 (21 years)",Kurla,Batting Allrounder,False,Right Handed Bat,Left-arm orthodox,
54,Marcus Stoinis,Punjab Kings,Australia,"August 16, 1989 (36 years)",Perth,Batting Allrounder,False,Right Handed Bat,Right-arm medium,
55,Suryansh Shedge,Punjab Kings,India,"January 29, 2003 (23 years)",,Batting Allrounder,False,Right Handed Bat,Right-arm fast-medium,
56,Shashank Singh,Punjab Kings,India,"November 21, 1991 (34 years)",,Batting Allrounder,False,Right Handed Bat,Right-arm medium,
57,Mitchell Owen,Punjab Kings,Australia,"September 16, 2001 (24 years)",,Batting Allrounder,False,Right Handed Bat,Right-arm medium,
58,Cooper Connolly,Punjab Kings,Australia,"August 22, 2003 (22 years)",,Batting Allrounder,False,Left Handed Bat,Left-arm orthodox,
59,Azmatullah Omarzai,Punjab Kings,Afghanistan,"March 24, 2000 (25 years)",,Bowling Allrounder,False,Right Handed Bat,Right-arm fast-medium,
60,Marco Jansen,Punjab Kings,South Africa,"May 01, 2000 (25 years)",,Bowling Allrounder,False,Right Handed Bat,Left-arm fast,
61,Vishal Nishad,Punjab Kings,India,"April 01, 2005 (20 years)",,Bowling Allrounder,False,Right Handed Bat,Right-arm legbreak,
62,Praveen Dubey,Punjab Kings,India,"July 01, 1993 (32 years)","Azamgarh, Uttar Pradesh",Bowling Allrounder,False,Right Handed Bat,Right-arm legbreak,
63,Prabhsimran Singh,Punjab Kings,India,"August 10, 2000 (25 years)",,WK-Batsman,True,Right Handed Bat,,
64,Vishnu Vinod,Punjab Kings,India,"December 02, 1993 (32 years)","Pathanamthitta, Kerala",WK-Batsman,True,Right Handed Bat,,
65,Harpreet Brar,Punjab Kings,India,"September 16, 1995 (30 years)","Moga, Punjab",Bowler,False,Left Handed Bat,Left-arm orthodox,
66,Lockie Ferguson,Punjab Kings,New Zealand,"June 13, 1991 (34 years)",Auckland,Bowler,False,Right Handed Bat,Right-arm fast,
67,Yuzvendra Chahal,Punjab Kings,India,"July 23, 1990 (35 years)","Jind, Haryana",Bowler,False,Right Handed Bat,Right-arm legbreak,
68,Arshdeep Singh,Punjab Kings,India,"February 05, 1999 (27 years)","Guna, Madhya Pradesh",Bowler,False,Left Handed Bat,Left-arm fast-medium,
69,Xavier Bartlett,Punjab Kings,Australia,"December 17, 1998 (27 years)","Adelaide, South Australia",Bowler,False,Right Handed Bat,Right-arm fast-medium,
70,Vijaykumar Vyshak,Punjab Kings,India,"January 31, 1997 (29 years)","Bangalore, Karnataka",Bowler,False,Right Handed Bat,Right-arm medium,
71,Yash Thakur,Punjab Kings,India,"December 28, 1998 (27 years)",Kolkata,Bowler,False,Right Handed Bat,Right-arm fast-medium,
72,Ben Dwarshuis,Punjab Kings,Australia,"June 23, 1994 (31 years)","Kareela, New South Wales",Bowler,False,Left Handed Bat,Left-arm fast-medium,
73,Ajinkya Rahane,Kolkata Knight Riders,India,"June 06, 1988 (37 years)","Ashwi-KD, Maharashtra",Batsman,False,Right Handed Bat,Right-arm medium,
74,Manish Pandey,Kolkata Knight Riders,India,"September 10, 1989 (36 years)","Nainital, Uttaranchal",Batsman,False,Right Handed Bat,Right-arm medium,
75,Angkrish Raghuvanshi,Kolkata Knight Riders,India,"June 05, 2004 (21 years)",Delhi,Batsman,False,Right Handed Bat,Right-arm offbreak,
76,Rinku Singh,Kolkata Knight Riders,India,"October 12, 1997 (28 years)","Aligarh, Uttar Pradesh",Batsman,False,Left Handed Bat,Right-arm offbreak,
77,Rovman Powell,Kolkata Knight Riders,West Indies,"July 23, 1993 (32 years)",Jamaica,Batsman,False,Right Handed Bat,Right-arm fast-medium,
78,Finn Allen,Kolkata Knight Riders,New Zealand,"April 22, 1999 (26 years)",Auckland,Batsman,False,Right Handed Bat,,
79,Rahul Tripathi,Kolkata Knight Riders,India,"March 02, 1991 (35 years)",Ranchi,Batsman,False,Right Handed Bat,Right-arm medium,
80,Sarthak Ranjan,Kolkata Knight Riders,India,"September 25, 1996 (29 years)",Delhi,Batsman,False,Right Handed Bat,Right-arm offbreak,
81,Ramandeep Singh,Kolkata Knight Riders,India,"April 13, 1997 (28 years)",Chandigarh,Batting Allrounder,False,Right Handed Bat,Right-arm medium,
82,Anukul Roy,Kolkata Knight Riders,India,"November 30, 1998 (27 years)","Saraikela Kharswan, Jharkhand",Batting Allrounder,False,Left Handed Bat,Left-arm orthodox,
83,Cameron Green,Kolkata Knight Riders,Australia,"June 03, 1999 (26 years)",,Batting Allrounder,False,Right Handed Bat,Right-arm fast-medium,
84,Rachin Ravindra,Kolkata Knight Riders,New Zealand,"November 18, 1999 (26 years)",Wellington,Batting Allrounder,False,Left Handed Bat,Left-arm orthodox,
85,Sunil Narine,Kolkata Knight Riders,West Indies,"May 26, 1988 (37 years)","Arima, Trinidad &amp; Tobago",Bowling Allrounder,False,Left Handed Bat,Right-arm offbreak,
86,Daksh Kamra,Kolkata Knight Riders,India,"January 09, 2003 (23 years)",,Bowling Allrounder,False,Right Handed Bat,Right-arm legbreak,
87,Tim Seifert,Kolkata Knight Riders,New Zealand,"December 14, 1994 (31 years)",Wanganui,WK-Batsman,True,Right Handed Bat,,
88,Tejasvi Dahiya,Kolkata Knight Riders,India,"April 18, 2002 (23 years)",,WK-Batsman,True,Right Handed Bat,Right-arm offbreak,
89,Varun Chakaravarthy,Kolkata Knight Riders,India,"August 29, 1991 (34 years)","Bidar, Karnataka",Bowler,False,Right Handed Bat,Right-arm legbreak,
90,Harshit Rana,Kolkata Knight Riders,India,"December 22, 2001 (24 years)",New Delhi,Bowler,False,Right Handed Bat,Right-arm fast-medium,
91,Vaibhav Arora,Kolkata Knight Riders,India,"December 14, 1997 (28 years)",,Bowler,False,Right Handed Bat,Right-arm fast-medium,
92,Umran Malik,Kolkata Knight Riders,India,"November 22, 1999 (26 years)",Jammu,Bowler,False,Right Handed Bat,Right-arm fast,
93,Prashant Solanki,Kolkata Knight Riders,India,"February 22, 2000 (26 years)",,Bowler,False,Right Handed Bat,Right-arm legbreak,
94,Kartik Tyagi,Kolkata Knight Riders,India,"November 08, 2000 (25 years)","Hapur, Uttar Pradesh",Bowler,False,Right Handed Bat,Right-arm fast,
95,Matheesha Pathirana,Kolkata Knight Riders,Sri Lanka,"December 18, 2002 (23 years)",Kandy,Bowler,False,Right Handed Bat,Right-arm fast,
96,Akash Deep,Kolkata Knight Riders,India,"December 15, 1996 (29 years)","Dehri, Rohtas, Bihar",Bowler,False,Right Handed Bat,Right-arm fast-medium,
97,Suryakumar Yadav,Mumbai Indians,India,"September 14, 1990 (35 years)","Mumbai, Maharashtra",Batsman,False,Right Handed Bat,Right-arm offbreak,
98,Rohit Sharma,Mumbai Indians,India,"April 30, 1987 (38 years)","Nagpur, Maharashtra",Batsman,False,Right Handed Bat,Right-arm offbreak,
99,Tilak Varma,Mumbai Indians,India,"November 08, 2002 (23 years)","Hyderabad, Telangana",Batsman,False,Left Handed Bat,Right-arm offbreak,
100,Naman Dhir,Mumbai Indians,India,"December 31, 1999 (26 years)","Ambala, Haryana",Batsman,False,Right Handed Bat,Right-arm offbreak,
101,Hardik Pandya,Mumbai Indians,India,"October 11, 1993 (32 years)","Choryasi, Gujarat",Batting Allrounder,False,Right Handed Bat,Right-arm fast-medium,
102,Raj Bawa,Mumbai Indians,India,"November 12, 2002 (23 years)","Nahan, Himachal Pradesh",Batting Allrounder,False,Left Handed Bat,Right-arm fast-medium,
103,Will Jacks,Mumbai Indians,England,"November 21, 1998 (27 years)","Chertsey, Surrey",Batting Allrounder,False,Right Handed Bat,Right-arm offbreak,
104,Sherfane Rutherford,Mumbai Indians,West Indies,"August 15, 1998 (27 years)",,Batting Allrounder,False,Left Handed Bat,Right-arm fast-medium,
105,Mayank Rawat,Mumbai Indians,India,"December 04, 1999 (26 years)",New Delhi,Batting Allrounder,False,Right Handed Bat,Right-arm offbreak,
106,Mitchell Santner,Mumbai Indians,New Zealand,"February 05, 1992 (34 years)",Hamilton,Bowling Allrounder,False,Left Handed Bat,Left-arm orthodox,
107,Shardul Thakur,Mumbai Indians,India,"October 16, 1991 (34 years)","Palghar, Maharashtra",Bowling Allrounder,False,Right Handed Bat,Right-arm fast-medium,
108,Corbin Bosch,Mumbai Indians,South Africa,"September 10, 1994 (31 years)",Durban,Bowling Allrounder,False,Right Handed Bat,Right-arm fast-medium,
109,Danish Malewar,Mumbai Indians,India,"October 08, 2003 (22 years)",Nagpur,Bowling Allrounder,False,Right Handed Bat,Right-arm legbreak,
110,Atharva Ankolekar,Mumbai Indians,India,"September 26, 2000 (25 years)",,Bowling Allrounder,False,Left Handed Bat,Left-arm orthodox,
111,Ryan Rickelton,Mumbai Indians,South Africa,"July 11, 1996 (29 years)","Johannesburg, Transvaal, South Africa",WK-Batsman,True,Left Handed Bat,,
112,Robin Minz,Mumbai Indians,India,"September 13, 2002 (23 years)",,WK-Batsman,True,Left Handed Bat,Right-arm offbreak,
113,Quinton de Kock,Mumbai Indians,South Africa,"December 17, 1992 (33 years)","Johannesburg, Gauteng",WK-Batsman,True,Left Handed Bat,,
114,Jasprit Bumrah,Mumbai Indians,India,"December 06, 1993 (32 years)",Ahmedabad,Bowler,False,Right Handed Bat,Right-arm fast,
115,Ashwani Kumar,Mumbai Indians,India,"August 29, 2001 (24 years)","Jhanjeri,, Mohali",Bowler,False,Left Handed Bat,Left-arm fast-medium,
116,AM Ghazanfar,Mumbai Indians,Afghanistan,"March 20, 2006 (20 years)",,Bowler,False,Right Handed Bat,Right-arm offbreak,
117,Trent Boult,Mumbai Indians,New Zealand,"July 22, 1989 (36 years)",Rotorua,Bowler,False,Right Handed Bat,Left-arm fast-medium,
118,Deepak Chahar,Mumbai Indians,India,"August 07, 1992 (33 years)","Agra, Uttar Pradesh",Bowler,False,Right Handed Bat,Right-arm fast-medium,
119,Mayank Markande,Mumbai Indians,India,"November 11, 1997 (28 years)","Bathinda, Punjab",Bowler,False,Right Handed Bat,Right-arm legbreak,
120,Raghu Sharma,Mumbai Indians,India,"March 11, 1993 (33 years)","Jalandhar, Punjab",Bowler,False,Right Handed Bat,,
121,Mohammed Salahuddin Izhar,Mumbai Indians,India,"January 01, 2004 (22 years)",Patna,Bowler,False,Right Handed Bat,Right-arm fast-medium,
122,Yashasvi Jaiswal,Rajasthan Royals,India,"December 28, 2001 (24 years)","Suriya, Uttar Pradesh",Batsman,False,Left Handed Bat,Right-arm legbreak,
123,Shimron Hetmyer,Rajasthan Royals,West Indies,"December 26, 1996 (29 years)","Cumberland, Berbice, Guyana",Batsman,False,Left Handed Bat,,
124,Shubham Dubey,Rajasthan Royals,India,"August 27, 1994 (31 years)",Yavatmal,Batsman,False,Left Handed Bat,Right-arm offbreak,
125,Vaibhav Sooryavanshi,Rajasthan Royals,India,"March 27, 2011 (14 years)","Tajpur, Bihar",Batsman,False,Left Handed Bat,Left-arm orthodox,
126,Aman Rao Perala,Rajasthan Royals,India,"June 02, 2004 (21 years)",,Batsman,False,Right Handed Bat,,
127,Riyan Parag,Rajasthan Royals,India,"November 10, 2001 (24 years)","Guwahati, Assam",Batting Allrounder,False,Right Handed Bat,Right-arm legbreak,
128,Sam Curran,Rajasthan Royals,England,"June 03, 1998 (27 years)",Northampton,Bowling Allrounder,False,Left Handed Bat,Left-arm fast-medium,
129,Ravindra Jadeja,Rajasthan Royals,India,"December 06, 1988 (37 years)","Navagam-Khed, Saurashtra",Bowling Allrounder,False,Left Handed Bat,Left-arm orthodox,
130,Dhruv Jurel,Rajasthan Royals,India,"January 21, 2001 (25 years)","Agra, Uttar Pradesh",WK-Batsman,True,Right Handed Bat,,
131,Donovan Ferreira,Rajasthan Royals,South Africa,"July 21, 1998 (27 years)",Pretoria,WK-Batsman,True,Right Handed Bat,Right-arm offbreak,
132,Lhuan-dre Pretorius,Rajasthan Royals,South Africa,"March 27, 2006 (19 years)",Potchefstroom,WK-Batsman,True,Left Handed Bat,,
133,Ravi Singh,Rajasthan Royals,India,"May 25, 2001 (24 years)","Varanasi, Uttar Pradesh",WK-Batsman,True,Left Handed Bat,Right-arm legbreak,20
134,Yudhvir Singh Charak,Rajasthan Royals,India,"September 13, 1997 (28 years)",Jammu,Bowler,False,Right Handed Bat,Right-arm fast-medium,
135,Sandeep Sharma,Rajasthan Royals,India,"May 18, 1993 (32 years)","Patiala, Punjab",Bowler,False,Right Handed Bat,Right-arm fast-medium,
136,Tushar Deshpande,Rajasthan Royals,India,"May 15, 1995 (30 years)",Mumbai,Bowler,False,Left Handed Bat,Right-arm fast-medium,
137,Kwena Maphaka,Rajasthan Royals,South Africa,"April 08, 2006 (19 years)",Johannesburg,Bowler,False,Left Handed Bat,Left-arm fast-medium,
138,Jofra Archer,Rajasthan Royals,England,"April 01, 1995 (30 years)","Bridgetown, Barbados",Bowler,False,Right Handed Bat,Right-arm fast,
139,Nandre Burger,Rajasthan Royals,South Africa,"August 11, 1995 (30 years)",Krugersdorp,Bowler,False,Left Handed Bat,Left-arm fast-medium,
140,Vignesh Puthur,Rajasthan Royals,India,"March 02, 2001 (25 years)",,Bowler,False,Right Handed Bat,Left-arm wrist-spin,
141,Yash Raj Punja,Rajasthan Royals,India,"June 26, 2006 (19 years)",,Bowler,False,Right Handed Bat,Right-arm legbreak,
142,Sushant Mishra,Rajasthan Royals,India,"December 23, 2000 (25 years)","Ranchi, Bihar",Bowler,False,Left Handed Bat,Left-arm fast-medium,
143,Ravi Bishnoi,Rajasthan Royals,India,"September 05, 2000 (25 years)","Jodhpur, Rajasthan",Bowler,False,Right Handed Bat,Right-arm legbreak,
144,Brijesh Sharma,Rajasthan Royals,India,"December 16, 1998 (27 years)",,Bowler,False,Right Handed Bat,Right-arm medium,
145,Adam Milne,Rajasthan Royals,New Zealand,"April 13, 1992 (33 years)",Palmerston North,Bowler,False,Right Handed Bat,Right-arm fast,
146,Kuldeep Sen,Rajasthan Royals,India,"October 22, 1996 (29 years)","Rewa, Madhya Pradesh",Bowler,False,Right Handed Bat,Right-arm fast,
147,Virat Kohli,Royal Challengers Bengaluru,India,"November 05, 1988 (37 years)",Delhi,Batsman,False,Right Handed Bat,Right-arm medium,5 ft 9 in (175 cm)
148,Rajat Patidar,Royal Challengers Bengaluru,India,"June 01, 1993 (32 years)","Indore, Madhya Pradesh",Batsman,False,Right Handed Bat,Right-arm offbreak,
149,Devdutt Padikkal,Royal Challengers Bengaluru,India,"July 07, 2000 (25 years)","Edapal, Kerala",Batsman,False,Left Handed Bat,Right-arm offbreak,
150,Tim David,Royal Challengers Bengaluru,Australia,"March 16, 1996 (30 years)",Singapore,Batsman,False,Right Handed Bat,Right-arm offbreak,
151,Vihaan Malhotra,Royal Challengers Bengaluru,India,"January 01, 2007 (19 years)",,Batsman,False,Left Handed Bat,Right-arm offbreak,
152,Krunal Pandya,Royal Challengers Bengaluru,India,"March 24, 1991 (34 years)","Ahmedabad, Gujarat",Batting Allrounder,False,Left Handed Bat,Left-arm orthodox,
153,Jacob Bethell,Royal Challengers Bengaluru,England,"October 23, 2003 (22 years)",Barbados,Batting Allrounder,False,Left Handed Bat,Left-arm orthodox,
154,Venkatesh Iyer,Royal Challengers Bengaluru,India,"December 25, 1994 (31 years)","Indore, Madhya Pradesh",Batting Allrounder,False,Left Handed Bat,Right-arm medium,
155,Romario Shepherd,Royal Challengers Bengaluru,West Indies,"November 26, 1994 (31 years)",Guyana,Bowling Allrounder,False,Right Handed Bat,Right-arm fast-medium,
156,Swapnil Singh,Royal Challengers Bengaluru,India,"January 22, 1991 (35 years)","Rae Bareilly, Uttar Pradesh",Bowling Allrounder,False,Right Handed Bat,Left-arm orthodox,
157,Mangesh Yadav,Royal Challengers Bengaluru,India,"October 10, 2002 (23 years)",,Bowling Allrounder,False,Left Handed Bat,Left-arm fast-medium,
158,Kanishk Chouhan,Royal Challengers Bengaluru,India,"September 26, 2006 (19 years)",,Bowling Allrounder,False,Right Handed Bat,Right-arm offbreak,
159,Satvik Deswal,Royal Challengers Bengaluru,India,"March 23, 2007 (18 years)",,Bowling Allrounder,False,Left Handed Bat,Left-arm orthodox,
160,Jitesh Sharma,Royal Challengers Bengaluru,India,"October 22, 1993 (32 years)","Amrawati, Maharashtra",WK-Batsman,True,Right Handed Bat,,
161,Philip Salt,Royal Challengers Bengaluru,England,"August 28, 1996 (29 years)","Bodelwyddan, North Wales",WK-Batsman,True,Right Handed Bat,Right-arm offbreak,
162,Jordan Cox,Royal Challengers Bengaluru,England,"October 21, 2000 (25 years)","Portsmouth, Hampshire",WK-Batsman,True,Right Handed Bat,,
163,Bhuvneshwar Kumar,Royal Challengers Bengaluru,India,"February 05, 1990 (36 years)","Meerut, Uttar Pradesh",Bowler,False,Right Handed Bat,Right-arm fast-medium,
164,Josh Hazlewood,Royal Challengers Bengaluru,Australia,"January 08, 1991 (35 years)","Tamworth, New South Wales",Bowler,False,Left Handed Bat,Right-arm fast-medium,1.96 m
165,Nuwan Thushara,Royal Challengers Bengaluru,Sri Lanka,"August 06, 1994 (31 years)",Thalawa,Bowler,False,Right Handed Bat,Right-arm fast-medium,
166,Yash Dayal,Royal Challengers Bengaluru,India,"December 13, 1997 (28 years)","Allahabad, Uttar Pradesh",Bowler,False,Right Handed Bat,Left-arm fast-medium,
167,Rasikh Salam Dar,Royal Challengers Bengaluru,India,"April 05, 2000 (25 years)",,Bowler,False,Right Handed Bat,Right-arm fast-medium,
168,Suyash Sharma,Royal Challengers Bengaluru,India,"May 15, 2003 (22 years)",New Delhi,Bowler,False,Right Handed Bat,Right-arm legbreak,
169,Abhinandan Singh,Royal Challengers Bengaluru,India,"March 30, 1997 (28 years)",,Bowler,False,Right Handed Bat,Right-arm fast-medium,
170,Jacob Duffy,Royal Challengers Bengaluru,New Zealand,"August 02, 1994 (31 years)","Lumsden, Southland",Bowler,False,Right Handed Bat,Right-arm fast-medium,
171,Vicky Ostwal,Royal Challengers Bengaluru,India,"September 01, 2002 (23 years)","Pune, Maharashtra",Bowler,False,Right Handed Bat,Left-arm orthodox,
172,Travis Head,Sunrisers Hyderabad,Australia,"December 29, 1993 (32 years)","Adelaide, South Australia",Batsman,False,Left Handed Bat,Right-arm offbreak,
173,Aniket Verma,Sunrisers Hyderabad,India,"February 05, 2002 (24 years)",,Batsman,False,Right Handed Bat,Right-arm medium,
174,Smaran Ravichandran,Sunrisers Hyderabad,India,"May 05, 2003 (22 years)",,Batsman,False,Left Handed Bat,Right-arm offbreak,
175,Abhishek Sharma,Sunrisers Hyderabad,India,"September 04, 2000 (25 years)","Amritsar, Punjab",Batting Allrounder,False,Left Handed Bat,Left-arm orthodox,
176,Nitish Kumar Reddy,Sunrisers Hyderabad,India,"May 26, 2003 (22 years)","Visakhapatnam, Andhra Pradesh",Batting Allrounder,False,Right Handed Bat,Right-arm fast-medium,
177,Kamindu Mendis,Sunrisers Hyderabad,Sri Lanka,"September 30, 1998 (27 years)",Galle,Batting Allrounder,False,Left Handed Bat,Right-arm offbreak,
178,Shivang Kumar,Sunrisers Hyderabad,India,"May 26, 2002 (23 years)",,Batting Allrounder,False,Right Handed Bat,Left-arm orthodox,
179,Liam Livingstone,Sunrisers Hyderabad,England,"August 04, 1993 (32 years)","Barrow-in-Furness, Cumberland",Batting Allrounder,False,Right Handed Bat,Right-arm legbreak,
180,Harsh Dubey,Sunrisers Hyderabad,India,"July 23, 2002 (23 years)","Pune, Maharashtra",Bowling Allrounder,False,Left Handed Bat,Left-arm orthodox,
181,Jack Edwards,Sunrisers Hyderabad,Australia,"April 19, 2000 (25 years)",,Bowling Allrounder,False,Right Handed Bat,Right-arm medium,
182,Heinrich Klaasen,Sunrisers Hyderabad,South Africa,"July 30, 1991 (34 years)","Pretoria, Transvaal",WK-Batsman,True,Right Handed Bat,Right-arm offbreak,
183,Ishan Kishan,Sunrisers Hyderabad,India,"July 18, 1998 (27 years)","Patna, Bihar",WK-Batsman,True,Left Handed Bat,,
184,Salil Arora,Sunrisers Hyderabad,India,"November 07, 2002 (23 years)",,WK-Batsman,True,Right Handed Bat,,
185,Pat Cummins,Sunrisers Hyderabad,Australia,"May 08, 1993 (32 years)","Westmead, Sydney",Bowler,False,Right Handed Bat,Right-arm fast,1.92 m
186,Harshal Patel,Sunrisers Hyderabad,India,"November 23, 1990 (35 years)","Sanand, Gujarat",Bowler,False,Right Handed Bat,Right-arm fast-medium,
187,Eshan Malinga,Sunrisers Hyderabad,Sri Lanka,"February 04, 2001 (25 years)",Ratnapura,Bowler,False,Left Handed Bat,Right-arm fast-medium,
188,Jaydev Unadkat,Sunrisers Hyderabad,India,"October 18, 1991 (34 years)",Porbandar,Bowler,False,Right Handed Bat,Left-arm fast-medium,
189,Brydon Carse,Sunrisers Hyderabad,England,"July 31, 1995 (30 years)","Port Elizabeth, Cape Province",Bowler,False,Right Handed Bat,Right-arm fast,
190,Zeeshan Ansari,Sunrisers Hyderabad,India,"December 16, 1999 (26 years)","Lucknow, Uttar Pradesh",Bowler,False,Right Handed Bat,Right-arm legbreak,
191,Sakib Hussain,Sunrisers Hyderabad,India,"December 14, 2004 (21 years)",,Bowler,False,Right Handed Bat,Right-arm fast-medium,
192,Onkar Tukaram Tarmale,Sunrisers Hyderabad,India,"August 22, 2002 (23 years)",,Bowler,False,Right Handed Bat,Right-arm fast-medium,
193,Amit Kumar,Sunrisers Hyderabad,India,"November 02, 2002 (23 years)",,Bowler,False,Right Handed Bat,Right-arm medium,
194,Praful Hinge,Sunrisers Hyderabad,India,"January 18, 2002 (24 years)",Nagpur,Bowler,False,Right Handed Bat,Right-arm fast-medium,
195,Krains Fuletra,Sunrisers Hyderabad,India,"June 19, 2004 (21 years)",,Bowler,False,Right Handed Bat,Left-arm orthodox,
196,Shivam Mavi,Sunrisers Hyderabad,India,"November 26, 1998 (27 years)","Noida, Uttar Pradesh",Bowler,False,Right Handed Bat,Right-arm fast-medium,
197,Shubman Gill,Gujarat Titans,India,"September 08, 1999 (26 years)","Firozpur,  Punjab",Batsman,False,Right Handed Bat,Right-arm offbreak,
198,Sai Sudharsan,Gujarat Titans,India,"October 15, 2001 (24 years)",Chennai,Batsman,False,Left Handed Bat,Right-arm legbreak,
199,Glenn Phillips,Gujarat Titans,New Zealand,"December 06, 1996 (29 years)","East London, Eastern Cape, South Africa",Batting Allrounder,False,Right Handed Bat,Right-arm offbreak,
200,Rahul Tewatia,Gujarat Titans,India,"May 20, 1993 (32 years)","Sihi, Haryana",Batting Allrounder,False,Left Handed Bat,Right-arm legbreak,
201,Shahrukh Khan,Gujarat Titans,India,"May 27, 1995 (30 years)","Chennai, Tamil Nadu",Batting Allrounder,False,Right Handed Bat,Right-arm offbreak,
202,Nishant Sindhu,Gujarat Titans,India,"April 09, 2004 (21 years)","Hisar, Haryana",Batting Allrounder,False,Left Handed Bat,Left-arm orthodox,
203,Rashid Khan,Gujarat Titans,Afghanistan,"September 20, 1998 (27 years)",Nangarhar,Bowling Allrounder,False,Right Handed Bat,Right-arm legbreak,
204,Ravisrinivasan Sai Kishore,Gujarat Titans,India,"November 06, 1996 (29 years)","Chennai, Tamil Nadu",Bowling Allrounder,False,Left Handed Bat,Left-arm orthodox,
205,Jayant Yadav,Gujarat Titans,India,"January 22, 1990 (36 years)",Delhi,Bowling Allrounder,False,Right Handed Bat,Right-arm offbreak,
206,Arshad Khan,Gujarat Titans,India,"December 20, 1997 (28 years)",Gopalganj (Seoni),Bowling Allrounder,False,Left Handed Bat,Left-arm medium,
207,Washington Sundar,Gujarat Titans,India,"October 05, 1999 (26 years)","Chennai, Tamil Nadu",Bowling Allrounder,False,Left Handed Bat,Right-arm offbreak,
208,Jason Holder,Gujarat Titans,West Indies,"November 05, 1991 (34 years)",Barbados,Bowling Allrounder,False,Right Handed Bat,Right-arm fast-medium,
209,Kumar Kushagra,Gujarat Titans,India,"October 23, 2004 (21 years)","Bokaro, Jharkhand",WK-Batsman,True,Right Handed Bat,,
210,Anuj Rawat,Gujarat Titans,India,"October 17, 1999 (26 years)","Ram Nagar, Uttarakhand",WK-Batsman,True,Left Handed Bat,,
211,Jos Buttler,Gujarat Titans,England,"September 08, 1990 (35 years)","Taunton, Somerset",WK-Batsman,True,Right Handed Bat,,
212,Tom Banton,Gujarat Titans,England,"November 11, 1998 (27 years)","Chiltern, Buckinghamshire",WK-Batsman,True,Right Handed Bat,,
213,Manav Suthar,Gujarat Titans,India,"August 03, 2002 (23 years)","Sri Ganganagar, Rajasthan",Bowler,False,Left Handed Bat,Left-arm orthodox,
214,Gurnoor Brar,Gujarat Titans,India,"May 25, 2000 (25 years)","Muktsar, Punjab",Bowler,False,Left Handed Bat,Right-arm fast,
215,Ishant Sharma,Gujarat Titans,India,"September 02, 1988 (37 years)",Delhi,Bowler,False,Right Handed Bat,Right-arm fast-medium,6 ft  5 in (195 cm)
216,Kagiso Rabada,Gujarat Titans,South Africa,"May 25, 1995 (30 years)",Johannesburg,Bowler,False,Left Handed Bat,Right-arm fast,
217,Prasidh Krishna,Gujarat Titans,India,"February 19, 1996 (30 years)",,Bowler,False,Right Handed Bat,Right-arm fast,
218,Mohammed Siraj,Gujarat Titans,India,"March 13, 1994 (32 years)","Hyderabad, Telangana",Bowler,False,Right Handed Bat,Right-arm fast,
219,Ashok Sharma,Gujarat Titans,India,"June 17, 2002 (23 years)",,Bowler,False,Right Handed Bat,Right-arm fast-medium,
220,Prithvi Raj Yarra,Gujarat Titans,India,"February 20, 1998 (28 years)","Duggirala, Andra",Bowler,False,Left Handed Bat,Left-arm fast-medium,
221,Luke Wood,Gujarat Titans,England,"August 02, 1995 (30 years)","Sheffield, Yorkshire",Bowler,False,Left Handed Bat,Left-arm fast-medium,
222,Aiden Markram,Lucknow Super Giants,South Africa,"October 04, 1994 (31 years)",Centurion,Batsman,False,Right Handed Bat,Right-arm offbreak,
223,Himmat Singh,Lucknow Super Giants,India,"November 08, 1996 (29 years)",Delhi,Batsman,False,Right Handed Bat,Right-arm offbreak,
224,Akshat Raghuwanshi,Lucknow Super Giants,India,"September 15, 2003 (22 years)",,Batsman,False,Right Handed Bat,,
225,Ayush Badoni,Lucknow Super Giants,India,"December 03, 1999 (26 years)",Delhi,Batting Allrounder,False,Right Handed Bat,Right-arm offbreak,
226,Mitchell Marsh,Lucknow Super Giants,Australia,"October 20, 1991 (34 years)","Attadale, Perth",Batting Allrounder,False,Right Handed Bat,Right-arm fast-medium,
227,Abdul Samad,Lucknow Super Giants,India,"October 28, 2001 (24 years)","Kala Kot, Jammu &amp; Kashmir",Batting Allrounder,False,Right Handed Bat,Right-arm legbreak,
228,Arshin Kulkarni,Lucknow Super Giants,India,"February 15, 2005 (21 years)","Solapur, Maharashtra",Batting Allrounder,False,Right Handed Bat,Right-arm fast-medium,
229,Shahbaz Ahmed,Lucknow Super Giants,India,"December 11, 1994 (31 years)","Mewat, Haryana",Bowling Allrounder,False,Left Handed Bat,Left-arm orthodox,
230,Arjun Tendulkar,Lucknow Super Giants,India,"September 24, 1999 (26 years)",Mumbai,Bowling Allrounder,False,Left Handed Bat,Left-arm fast-medium,
231,Wanindu Hasaranga,Lucknow Super Giants,Sri Lanka,"July 29, 1997 (28 years)",Galle,Bowling Allrounder,False,Right Handed Bat,Right-arm legbreak,
232,Nicholas Pooran,Lucknow Super Giants,West Indies,"October 02, 1995 (30 years)",Trinidad,WK-Batsman,True,Left Handed Bat,Right-arm offbreak,
233,Rishabh Pant,Lucknow Super Giants,India,"October 04, 1997 (28 years)","Haridwar, Uttarakhand",WK-Batsman,True,Left Handed Bat,,
234,Matthew Breetzke,Lucknow Super Giants,South Africa,"November 03, 1998 (27 years)",,WK-Batsman,True,Right Handed Bat,,
235,Mukul Choudhary,Lucknow Super Giants,India,"August 06, 2004 (21 years)",Jhunjhunu,WK-Batsman,True,Right Handed Bat,,
236,Josh Inglis,Lucknow Super Giants,Australia,"March 04, 1995 (31 years)","Leeds, Yorkshire, England",WK-Batsman,True,Right Handed Bat,,
237,Mayank Yadav,Lucknow Super Giants,India,"June 17, 2002 (23 years)",New Delhi,Bowler,False,Right Handed Bat,Right-arm fast,
238,Avesh Khan,Lucknow Super Giants,India,"December 13, 1996 (29 years)","Indore, Madhya Pradesh",Bowler,False,Right Handed Bat,Right-arm fast,
239,Manimaran Siddharth,Lucknow Super Giants,India,"July 03, 1998 (27 years)",,Bowler,False,Right Handed Bat,Left-arm orthodox,
240,Prince Yadav,Lucknow Super Giants,India,"December 12, 2001 (24 years)",,Bowler,False,Right Handed Bat,Right-arm fast,
241,Mohsin Khan,Lucknow Super Giants,India,"July 15, 1998 (27 years)","Sambhal, Uttar Pradesh",Bowler,False,Left Handed Bat,Left-arm fast-medium,
242,Mohammed Shami,Lucknow Super Giants,India,"September 03, 1990 (35 years)","Amroha, Uttar Pradesh",Bowler,False,Right Handed Bat,Right-arm fast,
243,Digvesh Singh Rathi,Lucknow Super Giants,India,"December 15, 1999 (26 years)",Delhi,Bowler,False,Right Handed Bat,Right-arm legbreak,
244,Anrich Nortje,Lucknow Super Giants,South Africa,"November 16, 1993 (32 years)",,Bowler,False,Right Handed Bat,Right-arm fast,
245,Naman Tiwari,Lucknow Super Giants,India,"November 08, 2005 (20 years)",,Bowler,False,Left Handed Bat,Left-arm fast-medium,
246,Akash Maharaj Singh,Lucknow Super Giants,India,"April 26, 2002 (23 years)","Bhartpur, Rajasthan",Bowler,False,Right Handed Bat,Left-arm fast-medium,
